"","ID","LHSandRHS","Desfechos","count","lift","confidence","support","count.x","lift.x","confidence.x","support.x","count.y","lift.y","confidence.y","support.y","count.x.17","lift.x.17","confidence.x.17","support.x.17","count.y.17","lift.y.17","confidence.y.17","support.y.17","count.x.16","lift.x.16","confidence.x.16","support.x.16","count.y.16","lift.y.16","confidence.y.16","support.y.16","count.x.15","lift.x.15","confidence.x.15","support.x.15","count.y.15","lift.y.15","confidence.y.15","support.y.15","count.x.14","lift.x.14","confidence.x.14","support.x.14","count.y.14","lift.y.14","confidence.y.14","support.y.14","count.x.13","lift.x.13","confidence.x.13","support.x.13","count.y.13","lift.y.13","confidence.y.13","support.y.13","count.x.12","lift.x.12","confidence.x.12","support.x.12","count.y.12","lift.y.12","confidence.y.12","support.y.12","count.x.11","lift.x.11","confidence.x.11","support.x.11","count.y.11","lift.y.11","confidence.y.11","support.y.11","count.x.10","lift.x.10","confidence.x.10","support.x.10","count.y.10","lift.y.10","confidence.y.10","support.y.10","count.x.9","lift.x.9","confidence.x.9","support.x.9","count.y.9","lift.y.9","confidence.y.9","support.y.9","count.x.8","lift.x.8","confidence.x.8","support.x.8","count.y.8","lift.y.8","confidence.y.8","support.y.8","count.x.7","lift.x.7","confidence.x.7","support.x.7","count.y.7","lift.y.7","confidence.y.7","support.y.7","count.x.6","lift.x.6","confidence.x.6","support.x.6","count.y.6","lift.y.6","confidence.y.6","support.y.6","count.x.5","lift.x.5","confidence.x.5","support.x.5","count.y.5","lift.y.5","confidence.y.5","support.y.5","count.x.4","lift.x.4","confidence.x.4","support.x.4","count.y.4","lift.y.4","confidence.y.4","support.y.4","count.x.3","lift.x.3","confidence.x.3","support.x.3","count.y.3","lift.y.3","confidence.y.3","support.y.3","count.x.2","lift.x.2","confidence.x.2","support.x.2","count.y.2","lift.y.2","confidence.y.2","support.y.2","count.x.1","lift.x.1","confidence.x.1","support.x.1","count.y.1","lift.y.1","confidence.y.1","support.y.1"
"230",230,"fxet3=1,escol4=1,comdiab=0,comtabagis=0,cavitacao=1","encerra2=1",16,1.35105204872647,0.19047619047619,0.0524590163934426,17,1.13581599123768,0.204819277108434,0.0557377049180328,20,1.59769512833944,0.240963855421687,0.0655737704918033,17,1.36735232067511,0.215189873417722,0.0557377049180328,15,1.12490779444308,0.180722891566265,0.0491803278688525,17,1.40896739130435,0.2125,0.0557377049180328,18,1.3034188034188,0.222222222222222,0.059016393442623,16,1.23481781376518,0.210526315789474,0.0524590163934426,17,1.42995035852179,0.22972972972973,0.0557377049180328,23,1.52136196052917,0.264367816091954,0.0754098360655738,16,1.40836940836941,0.207792207792208,0.0524590163934426,17,1.39232008592911,0.223684210526316,0.0557377049180328,25,1.79158834586466,0.328947368421053,0.0819672131147541,14,1.31668208448967,0.202898550724638,0.0459016393442623,14,1.17146776406036,0.172839506172839,0.0459016393442623,25,1.92113882590073,0.308641975308642,0.0819672131147541,17,1.17095754290876,0.207317073170732,0.0557377049180328,21,1.62234042553191,0.25,0.0688524590163934,17,1.34013957094857,0.232876712328767,0.0557377049180328,18,1.464,0.24,0.059016393442623,14,1.33771929824561,0.184210526315789,0.0459016393442623,12,1.37387387387387,0.162162162162162,0.039344262295082,17,1.5655193236715,0.246376811594203,0.0557377049180328,21,1.82791095890411,0.287671232876712,0.0688524590163934,19,1.254329004329,0.226190476190476,0.0622950819672131,20,1.53691106072058,0.246913580246914,0.0655737704918033,15,1.16709183673469,0.1875,0.0491803278688525,26,1.5458089668616,0.288888888888889,0.0852459016393443,18,1.23481781376518,0.230769230769231,0.059016393442623,19,1.4480259870065,0.218390804597701,0.0622950819672131,16,1.42232585252113,0.219178082191781,0.0524590163934426,15,1.21288441145281,0.182926829268293,0.0491803278688525,21,1.60125,0.2625,0.0688524590163934,23,1.42755392755393,0.294871794871795,0.0754098360655738,21,1.35383639822448,0.253012048192771,0.0688524590163934,15,1.6522210184182,0.211267605633803,0.0491803278688525,23,1.51577355229041,0.258426966292135,0.0754098360655738
"231",231,"fxet3=1,escol4=1,comdiab=0,comtabagis=0,pdres5=1","encerra2=1",22,1.47213690215007,0.207547169811321,0.0721311475409836,20,1.10909090909091,0.2,0.0655737704918033,26,1.69011082693947,0.254901960784314,0.0852459016393443,22,1.25938438438438,0.198198198198198,0.0721311475409836,23,1.36345966958212,0.219047619047619,0.0754098360655738,21,1.45040760869565,0.21875,0.0688524590163934,24,1.35355029585799,0.230769230769231,0.0786885245901639,24,1.5136476426799,0.258064516129032,0.0786885245901639,22,1.48846495119787,0.239130434782609,0.0721311475409836,26,1.41153435386258,0.245283018867925,0.0852459016393443,21,1.36858974358974,0.201923076923077,0.0688524590163934,21,1.40552995391705,0.225806451612903,0.0688524590163934,30,1.68446244477172,0.309278350515464,0.0983606557377049,22,1.48714539007092,0.229166666666667,0.0721311475409836,17,1.18785796105384,0.175257731958763,0.0557377049180328,29,1.75252625321973,0.281553398058252,0.0950819672131148,23,1.27360203340596,0.225490196078431,0.0754098360655738,22,1.39966624947851,0.215686274509804,0.0721311475409836,25,1.51439920556107,0.263157894736842,0.0819672131147541,21,1.29393939393939,0.212121212121212,0.0688524590163934,22,1.53617216117216,0.211538461538462,0.0721311475409836,15,1.36648745519713,0.161290322580645,0.0491803278688525,22,1.48714539007092,0.234042553191489,0.0721311475409836,27,1.76868556701031,0.278350515463918,0.0885245901639344,25,1.3459841129744,0.242718446601942,0.0819672131147541,25,1.58788004997918,0.255102040816327,0.0819672131147541,22,1.25631904137802,0.201834862385321,0.0721311475409836,29,1.46391923204237,0.273584905660377,0.0950819672131148,26,1.41962047977086,0.26530612244898,0.0852459016393443,25,1.53482286634461,0.231481481481481,0.0819672131147541,23,1.55474290780142,0.239583333333333,0.0754098360655738,22,1.33825289190267,0.201834862385321,0.0721311475409836,24,1.464,0.24,0.0786885245901639,35,1.6292735042735,0.336538461538462,0.114754098360656,27,1.35022134776193,0.252336448598131,0.0885245901639344,19,1.54780982905983,0.197916666666667,0.0622950819672131,25,1.30923763736264,0.223214285714286,0.0819672131147541
"232",232,"fxet3=1,escol4=1,comdiab=0,comtabagis=0,pdres5=1,cavitacao=1","encerra2=1",15,1.29750425411231,0.182926829268293,0.0491803278688525,17,1.14966740576497,0.207317073170732,0.0557377049180328,20,1.65760869565217,0.25,0.0655737704918033,17,1.40286796536797,0.220779220779221,0.0557377049180328,15,1.13862618218019,0.182926829268293,0.0491803278688525,17,1.44509476031215,0.217948717948718,0.0557377049180328,18,1.3034188034188,0.222222222222222,0.059016393442623,16,1.26819126819127,0.216216216216216,0.0524590163934426,17,1.44953871959743,0.232876712328767,0.0557377049180328,22,1.50718778077269,0.261904761904762,0.0721311475409836,16,1.40836940836941,0.207792207792208,0.0524590163934426,17,1.39232008592911,0.223684210526316,0.0557377049180328,25,1.86521526418787,0.342465753424658,0.0819672131147541,14,1.3360450563204,0.205882352941176,0.0459016393442623,13,1.11533052039381,0.164556962025316,0.0426229508196721,25,1.9697752518729,0.316455696202532,0.0819672131147541,17,1.1854138088706,0.209876543209877,0.0557377049180328,20,1.5827711468604,0.24390243902439,0.0655737704918033,17,1.35875262054507,0.236111111111111,0.0557377049180328,17,1.42054794520548,0.232876712328767,0.0557377049180328,14,1.35555555555556,0.186666666666667,0.0459016393442623,11,1.27663622526636,0.150684931506849,0.0360655737704918,16,1.51741293532338,0.238805970149254,0.0524590163934426,21,1.85329861111111,0.291666666666667,0.0688524590163934,19,1.26944140197152,0.228915662650602,0.0622950819672131,20,1.53691106072058,0.246913580246914,0.0655737704918033,14,1.11721611721612,0.179487179487179,0.0459016393442623,26,1.58094098883573,0.295454545454545,0.0852459016393443,18,1.26731301939058,0.236842105263158,0.059016393442623,18,1.40409207161125,0.211764705882353,0.059016393442623,16,1.46239136949356,0.225352112676056,0.0524590163934426,15,1.22785829307568,0.185185185185185,0.0491803278688525,21,1.62151898734177,0.265822784810127,0.0688524590163934,23,1.44609358895073,0.298701298701299,0.0754098360655738,21,1.35383639822448,0.253012048192771,0.0688524590163934,14,1.5867707172055,0.202898550724638,0.0459016393442623,23,1.53299825174825,0.261363636363636,0.0754098360655738
"233",233,"fxet3=1,escol4=1,mumigual=0,pdres5=1,cavitacao=1","encerra2=1",16,1.49326805385557,0.210526315789474,0.0524590163934426,17,1.13581599123768,0.204819277108434,0.0557377049180328,15,1.24320652173913,0.1875,0.0491803278688525,13,1.18005952380952,0.185714285714286,0.0426229508196721,17,1.4108843537415,0.226666666666667,0.0557377049180328,17,1.23865265169613,0.186813186813187,0.0557377049180328,17,1.18704212454212,0.202380952380952,0.0557377049180328,14,1.10966735966736,0.189189189189189,0.0459016393442623,18,1.40051020408163,0.225,0.059016393442623,21,1.59011916583913,0.276315789473684,0.0688524590163934,15,1.41203703703704,0.208333333333333,0.0491803278688525,20,1.38321995464853,0.222222222222222,0.0655737704918033,19,1.34392393320965,0.246753246753247,0.0622950819672131,18,1.69287696577243,0.260869565217391,0.059016393442623,18,1.58441558441558,0.233766233766234,0.059016393442623,20,1.51816824290692,0.24390243902439,0.0655737704918033,19,1.29294957608211,0.228915662650602,0.0622950819672131,21,1.62234042553191,0.25,0.0688524590163934,20,1.55532891381948,0.27027027027027,0.0655737704918033,18,1.3390243902439,0.219512195121951,0.059016393442623,13,1.32964453386989,0.183098591549296,0.0426229508196721,13,1.48836336336336,0.175675675675676,0.0426229508196721,19,1.60972222222222,0.253333333333333,0.0622950819672131,22,1.94155092592593,0.305555555555556,0.0721311475409836,17,1.17840909090909,0.2125,0.0557377049180328,20,1.70533967011462,0.273972602739726,0.0655737704918033,16,1.24489795918367,0.2,0.0524590163934426,22,1.33771929824561,0.25,0.0721311475409836,24,1.52882205513784,0.285714285714286,0.0786885245901639,15,1.29164313946923,0.194805194805195,0.0491803278688525,17,1.5537908300869,0.23943661971831,0.0557377049180328,21,1.76252063841497,0.265822784810127,0.0688524590163934,17,1.42054794520548,0.232876712328767,0.0557377049180328,23,1.46512113617377,0.302631578947368,0.0754098360655738,20,1.3050919982884,0.24390243902439,0.0655737704918033,13,1.43192488262911,0.183098591549296,0.0426229508196721,21,1.44909502262443,0.247058823529412,0.0688524590163934
"823",823,"raca3=1,escol4=1,mumigual=0,pdres5=1,cavitacao=1","encerra2=1",11,1.41860465116279,0.2,0.0360655737704918,15,1.2415196743555,0.223880597014925,0.0491803278688525,13,1.32608695652174,0.2,0.0426229508196721,13,1.50189393939394,0.236363636363636,0.0426229508196721,15,1.41465677179963,0.227272727272727,0.0491803278688525,15,1.4413988657845,0.217391304347826,0.0491803278688525,13,1.17307692307692,0.2,0.0426229508196721,13,1.21031746031746,0.206349206349206,0.0426229508196721,15,1.43642072213501,0.230769230769231,0.0491803278688525,16,1.53459119496855,0.266666666666667,0.0524590163934426,10,1.25514403292181,0.185185185185185,0.0327868852459016,14,1.42857142857143,0.229508196721311,0.0459016393442623,15,1.27650669642857,0.234375,0.0491803278688525,14,1.74713584288052,0.269230769230769,0.0459016393442623,13,1.39858906525573,0.206349206349206,0.0426229508196721,18,1.64765906362545,0.264705882352941,0.059016393442623,15,1.22785829307568,0.217391304347826,0.0491803278688525,17,1.77934111187371,0.274193548387097,0.0557377049180328,17,1.57790626902009,0.274193548387097,0.0557377049180328,14,1.22,0.2,0.0459016393442623,10,1.23083131557708,0.169491525423729,0.0327868852459016,11,1.52777777777778,0.180327868852459,0.0360655737704918,17,1.86242816091954,0.293103448275862,0.0557377049180328,19,2.04625706214689,0.322033898305085,0.0622950819672131,14,1.29393939393939,0.233333333333333,0.0459016393442623,14,1.52882205513784,0.245614035087719,0.0459016393442623,11,1.12244897959184,0.180327868852459,0.0360655737704918,19,1.37387387387387,0.256756756756757,0.0622950819672131,19,1.49509803921569,0.279411764705882,0.0622950819672131,13,1.36818495514148,0.206349206349206,0.0426229508196721,14,1.68242710795902,0.259259259259259,0.0459016393442623,15,1.55400815217391,0.234375,0.0491803278688525,13,1.36724137931034,0.224137931034483,0.0426229508196721,18,1.45238095238095,0.3,0.059016393442623,16,1.40350877192982,0.262295081967213,0.0524590163934426,12,1.67582417582418,0.214285714285714,0.039344262295082,13,1.10507246376812,0.188405797101449,0.0426229508196721
"825",825,"raca3=1,fxet3=1,escol4=1,mumigual=0,pdres5=1","encerra2=1",14,1.7421460628315,0.245614035087719,0.0459016393442623,16,1.21544209215442,0.219178082191781,0.0524590163934426,15,1.42080745341615,0.214285714285714,0.0491803278688525,14,1.27083333333333,0.2,0.0459016393442623,19,1.71398994380361,0.27536231884058,0.0622950819672131,15,1.42080745341615,0.214285714285714,0.0491803278688525,14,1.2256027554535,0.208955223880597,0.0459016393442623,16,1.34065934065934,0.228571428571429,0.0524590163934426,17,1.49037079620581,0.23943661971831,0.0557377049180328,17,1.50507982583454,0.261538461538462,0.0557377049180328,12,1.31182795698925,0.193548387096774,0.039344262295082,16,1.48644532439842,0.238805970149254,0.0524590163934426,15,1.23782467532468,0.227272727272727,0.0491803278688525,14,1.56639765223771,0.241379310344828,0.0459016393442623,15,1.41203703703704,0.208333333333333,0.0491803278688525,19,1.53591306652531,0.246753246753247,0.0622950819672131,16,1.20493827160494,0.213333333333333,0.0524590163934426,18,1.66869300911854,0.257142857142857,0.059016393442623,19,1.53999468509168,0.267605633802817,0.0622950819672131,14,1.13866666666667,0.186666666666667,0.0459016393442623,14,1.45238095238095,0.2,0.0459016393442623,13,1.77643369175627,0.209677419354839,0.0426229508196721,18,1.68198529411765,0.264705882352941,0.059016393442623,20,2.01719576719577,0.317460317460317,0.0655737704918033,18,1.53566433566434,0.276923076923077,0.059016393442623,15,1.58249740574196,0.254237288135593,0.0491803278688525,13,1.12386621315193,0.180555555555556,0.0426229508196721,20,1.35465245391961,0.253164556962025,0.0655737704918033,23,1.61934441366574,0.302631578947368,0.0754098360655738,14,1.32608695652174,0.2,0.0459016393442623,17,1.80851063829787,0.278688524590164,0.0557377049180328,17,1.5655193236715,0.236111111111111,0.0557377049180328,12,1.14375,0.1875,0.039344262295082,22,1.45901282887584,0.301369863013699,0.0721311475409836,15,1.21610845295056,0.227272727272727,0.0491803278688525,14,1.5867707172055,0.202898550724638,0.0459016393442623,14,1.10966735966736,0.189189189189189,0.0459016393442623
"826",826,"raca3=1,fxet3=1,mumigual=0,cavitacao=1","encerra2=1",14,1.32403100775194,0.186666666666667,0.0459016393442623,22,1.34065934065934,0.241758241758242,0.0721311475409836,15,1.1431784107946,0.172413793103448,0.0491803278688525,15,1.34242957746479,0.211267605633803,0.0491803278688525,22,1.59231134314191,0.255813953488372,0.0721311475409836,19,1.49974120082816,0.226190476190476,0.0622950819672131,17,1.26217137293087,0.215189873417722,0.0557377049180328,18,1.27201112140871,0.216867469879518,0.059016393442623,21,1.55612244897959,0.25,0.0688524590163934,23,1.59468060922937,0.27710843373494,0.0754098360655738,12,1.11415525114155,0.164383561643836,0.039344262295082,22,1.42644557823129,0.229166666666667,0.0721311475409836,19,1.21743697478992,0.223529411764706,0.0622950819672131,16,1.50477952513105,0.231884057971014,0.0524590163934426,20,1.57622739018088,0.232558139534884,0.0655737704918033,23,1.59070294784581,0.255555555555556,0.0754098360655738,20,1.28367003367003,0.227272727272727,0.0655737704918033,23,1.640168342296,0.252747252747253,0.0754098360655738,22,1.42251430994276,0.247191011235955,0.0721311475409836,19,1.17070707070707,0.191919191919192,0.0622950819672131,16,1.57014157014157,0.216216216216216,0.0524590163934426,19,1.76892551892552,0.208791208791209,0.0622950819672131,21,1.73295454545455,0.272727272727273,0.0688524590163934,23,1.71936274509804,0.270588235294118,0.0754098360655738,22,1.45238095238095,0.261904761904762,0.0721311475409836,19,1.53591306652531,0.246753246753247,0.0622950819672131,16,1.22952884857647,0.197530864197531,0.0524590163934426,25,1.37909206004702,0.257731958762887,0.0819672131147541,22,1.23915050784857,0.231578947368421,0.0721311475409836,17,1.34187370600414,0.202380952380952,0.0557377049180328,19,1.58074195308238,0.243589743589744,0.0622950819672131,21,1.6190596562184,0.244186046511628,0.0688524590163934,17,1.28024691358025,0.209876543209877,0.0557377049180328,23,1.37468155986675,0.283950617283951,0.0754098360655738,21,1.3872644574399,0.259259259259259,0.0688524590163934,19,1.72778771615981,0.22093023255814,0.0622950819672131,17,1.18704212454212,0.202380952380952,0.0557377049180328
"827",827,"raca3=1,fxet3=1,mumigual=0,comdiab=0,cavitacao=1","encerra2=1",12,1.23356926188069,0.173913043478261,0.039344262295082,20,1.38636363636364,0.25,0.0655737704918033,13,1.1341533180778,0.171052631578947,0.0426229508196721,13,1.37673611111111,0.216666666666667,0.0426229508196721,20,1.57582020149832,0.253164556962025,0.0655737704918033,17,1.58756889161053,0.23943661971831,0.0557377049180328,15,1.31314580941447,0.223880597014925,0.0491803278688525,16,1.32177681473456,0.225352112676056,0.0524590163934426,21,1.69758812615955,0.272727272727273,0.0688524590163934,23,1.7886282508924,0.310810810810811,0.0754098360655738,11,1.20250896057348,0.17741935483871,0.0360655737704918,21,1.55612244897959,0.25,0.0688524590163934,17,1.21828007518797,0.223684210526316,0.0557377049180328,12,1.29787234042553,0.2,0.039344262295082,18,1.62666666666667,0.24,0.059016393442623,23,1.76744771982867,0.283950617283951,0.0754098360655738,18,1.32034632034632,0.233766233766234,0.059016393442623,22,1.69959473150963,0.261904761904762,0.0721311475409836,22,1.60257941246716,0.278481012658228,0.0721311475409836,17,1.22,0.2,0.0557377049180328,14,1.56410256410256,0.215384615384615,0.0459016393442623,19,1.93942436412316,0.228915662650602,0.0622950819672131,19,1.8292297979798,0.287878787878788,0.0622950819672131,23,1.84994725738397,0.291139240506329,0.0754098360655738,21,1.59526774595268,0.287671232876712,0.0688524590163934,19,1.73919567827131,0.279411764705882,0.0622950819672131,13,1.18997599039616,0.191176470588235,0.0426229508196721,23,1.48277319805538,0.27710843373494,0.0754098360655738,19,1.27083333333333,0.2375,0.0622950819672131,15,1.27508361204013,0.192307692307692,0.0491803278688525,19,1.92652925531915,0.296875,0.0622950819672131,18,1.65760869565217,0.25,0.059016393442623,16,1.35555555555556,0.222222222222222,0.0524590163934426,19,1.37289741767354,0.283582089552239,0.0622950819672131,18,1.35656041512231,0.253521126760563,0.059016393442623,18,2.04013377926421,0.260869565217391,0.059016393442623,15,1.18892931392931,0.202702702702703,0.0491803278688525
"828",828,"raca3=1,fxet3=1,mumigual=0,comdiab=0,pdres5=1,cavitacao=1","encerra2=1",11,1.14740082079343,0.161764705882353,0.0360655737704918,20,1.40391254315305,0.253164556962025,0.0655737704918033,13,1.1341533180778,0.171052631578947,0.0426229508196721,13,1.37673611111111,0.216666666666667,0.0426229508196721,20,1.59602302459445,0.256410256410256,0.0655737704918033,17,1.58756889161053,0.23943661971831,0.0557377049180328,15,1.33304195804196,0.227272727272727,0.0491803278688525,16,1.34065934065934,0.228571428571429,0.0524590163934426,21,1.69758812615955,0.272727272727273,0.0688524590163934,22,1.73429826828638,0.301369863013699,0.0721311475409836,11,1.22222222222222,0.180327868852459,0.0360655737704918,21,1.57487091222031,0.253012048192771,0.0688524590163934,17,1.23452380952381,0.226666666666667,0.0557377049180328,12,1.29787234042553,0.2,0.039344262295082,17,1.57838660578387,0.232876712328767,0.0557377049180328,23,1.76744771982867,0.283950617283951,0.0754098360655738,18,1.33771929824561,0.236842105263158,0.059016393442623,21,1.64188669571905,0.253012048192771,0.0688524590163934,22,1.60257941246716,0.278481012658228,0.0721311475409836,16,1.17590361445783,0.192771084337349,0.0524590163934426,14,1.56410256410256,0.215384615384615,0.0459016393442623,18,1.85975609756098,0.219512195121951,0.059016393442623,18,1.75961538461538,0.276923076923077,0.059016393442623,23,1.87366452991453,0.294871794871795,0.0754098360655738,21,1.59526774595268,0.287671232876712,0.0688524590163934,19,1.73919567827131,0.279411764705882,0.0622950819672131,12,1.11483399329881,0.17910447761194,0.039344262295082,23,1.50085579803166,0.280487804878049,0.0754098360655738,19,1.27083333333333,0.2375,0.0622950819672131,14,1.22139588100687,0.184210526315789,0.0459016393442623,19,1.95710908476866,0.301587301587302,0.0622950819672131,18,1.65760869565217,0.25,0.059016393442623,16,1.37464788732394,0.225352112676056,0.0524590163934426,19,1.39369889369889,0.287878787878788,0.0622950819672131,18,1.37593984962406,0.257142857142857,0.059016393442623,17,1.98430922311519,0.253731343283582,0.0557377049180328,15,1.18892931392931,0.202702702702703,0.0491803278688525
"829",829,"raca3=1,fxet3=1,mumigual=0,hiv3=0,pdres5=1,cavitacao=1","encerra2=1",12,1.35105204872647,0.19047619047619,0.039344262295082,17,1.29140722291407,0.232876712328767,0.0557377049180328,12,1.10507246376812,0.166666666666667,0.039344262295082,13,1.4750744047619,0.232142857142857,0.0426229508196721,17,1.70671494404213,0.274193548387097,0.0557377049180328,18,1.7296786389414,0.260869565217391,0.059016393442623,13,1.27083333333333,0.216666666666667,0.0426229508196721,14,1.2256027554535,0.208955223880597,0.0459016393442623,17,1.53356994971902,0.246376811594203,0.0557377049180328,18,1.56946826758148,0.272727272727273,0.059016393442623,11,1.30799220272904,0.192982456140351,0.0360655737704918,17,1.37423800689107,0.220779220779221,0.0557377049180328,16,1.28151260504202,0.235294117647059,0.0524590163934426,12,1.39057750759878,0.214285714285714,0.039344262295082,16,1.61857379767828,0.238805970149254,0.0524590163934426,18,1.60058309037901,0.257142857142857,0.059016393442623,17,1.37169312169312,0.242857142857143,0.0557377049180328,16,1.48328267477204,0.228571428571429,0.0524590163934426,17,1.34013957094857,0.232876712328767,0.0557377049180328,15,1.17307692307692,0.192307692307692,0.0491803278688525,14,1.72316384180791,0.23728813559322,0.0459016393442623,17,1.80034722222222,0.2125,0.0557377049180328,15,1.5625,0.245901639344262,0.0491803278688525,18,1.787109375,0.28125,0.059016393442623,17,1.52052785923754,0.274193548387097,0.0557377049180328,16,1.68799723279142,0.271186440677966,0.0524590163934426,13,1.26434948979592,0.203125,0.0426229508196721,22,1.47149122807018,0.275,0.0721311475409836,19,1.39269406392694,0.26027397260274,0.0622950819672131,11,1.12207357859532,0.169230769230769,0.0360655737704918,15,1.57000686341798,0.241935483870968,0.0491803278688525,17,1.68234912394549,0.253731343283582,0.0557377049180328,16,1.35555555555556,0.222222222222222,0.0524590163934426,19,1.43725198412698,0.296875,0.0622950819672131,18,1.60526315789474,0.3,0.059016393442623,16,1.84012066365008,0.235294117647059,0.0524590163934426,13,1.17307692307692,0.2,0.0426229508196721
"830",830,"raca3=1,fxet3=1,mumigual=0,pdres5=1,cavitacao=1","encerra2=1",13,1.2460716530484,0.175675675675676,0.0426229508196721,22,1.35555555555556,0.244444444444444,0.0721311475409836,15,1.1431784107946,0.172413793103448,0.0491803278688525,15,1.38134057971014,0.217391304347826,0.0491803278688525,22,1.61104441776711,0.258823529411765,0.0721311475409836,19,1.49974120082816,0.226190476190476,0.0622950819672131,17,1.29495504495504,0.220779220779221,0.0557377049180328,18,1.3034188034188,0.222222222222222,0.059016393442623,21,1.57487091222031,0.253012048192771,0.0688524590163934,22,1.56300955043093,0.271604938271605,0.0721311475409836,12,1.14553990610329,0.169014084507042,0.039344262295082,22,1.45679548415111,0.234042553191489,0.0721311475409836,19,1.24677280550775,0.228915662650602,0.0622950819672131,16,1.50477952513105,0.231884057971014,0.0524590163934426,19,1.57046070460705,0.231707317073171,0.0622950819672131,23,1.60857601467553,0.258426966292135,0.0754098360655738,20,1.29842486164325,0.229885057471264,0.0655737704918033,22,1.60411188142481,0.247191011235955,0.0721311475409836,22,1.43867924528302,0.25,0.0721311475409836,18,1.15578947368421,0.189473684210526,0.059016393442623,16,1.57014157014157,0.216216216216216,0.0524590163934426,18,1.71348314606742,0.202247191011236,0.059016393442623,20,1.67214912280702,0.263157894736842,0.0655737704918033,23,1.73983134920635,0.273809523809524,0.0754098360655738,22,1.46987951807229,0.265060240963855,0.0721311475409836,19,1.57687074829932,0.253333333333333,0.0622950819672131,15,1.16709183673469,0.1875,0.0491803278688525,25,1.40812557710065,0.263157894736842,0.0819672131147541,22,1.25233296005972,0.234042553191489,0.0721311475409836,16,1.30971551261406,0.197530864197531,0.0524590163934426,19,1.64397163120567,0.253333333333333,0.0622950819672131,21,1.6381074168798,0.247058823529412,0.0688524590163934,17,1.29625,0.2125,0.0557377049180328,23,1.4094836246735,0.291139240506329,0.0754098360655738,21,1.44062078272605,0.269230769230769,0.0688524590163934,18,1.69601482854495,0.216867469879518,0.059016393442623,17,1.20134383688601,0.204819277108434,0.0557377049180328
"967",967,"sexo2=1,escol4=1,alcool=0,comdiab=0","encerra2=1",11,1.3688290493676,0.192982456140351,0.0360655737704918,18,1.36737235367372,0.246575342465753,0.059016393442623,19,1.72572960095295,0.26027397260274,0.0622950819672131,13,1.11627252252252,0.175675675675676,0.0426229508196721,16,1.46458583433373,0.235294117647059,0.0524590163934426,17,1.52320799059929,0.22972972972973,0.0557377049180328,17,1.34745322245322,0.22972972972973,0.0557377049180328,19,1.56960996749729,0.267605633802817,0.0622950819672131,14,1.14661654135338,0.184210526315789,0.0459016393442623,16,1.22767295597484,0.213333333333333,0.0524590163934426,13,1.24100156494523,0.183098591549296,0.0426229508196721,18,1.62377994676131,0.260869565217391,0.059016393442623,18,1.32480694980695,0.243243243243243,0.059016393442623,15,1.29787234042553,0.2,0.0491803278688525,16,1.46546546546547,0.216216216216216,0.0524590163934426,18,1.69758812615955,0.272727272727273,0.059016393442623,16,1.25514403292181,0.222222222222222,0.0524590163934426,15,1.39057750759878,0.214285714285714,0.0491803278688525,14,1.18479467258602,0.205882352941176,0.0459016393442623,16,1.31891891891892,0.216216216216216,0.0524590163934426,17,1.54315476190476,0.2125,0.0557377049180328,12,1.39269406392694,0.164383561643836,0.039344262295082,19,1.80192786069652,0.283582089552239,0.0622950819672131,18,1.525,0.24,0.059016393442623,18,1.38636363636364,0.25,0.059016393442623,18,1.43642072213501,0.230769230769231,0.059016393442623,20,1.57582020149832,0.253164556962025,0.0655737704918033,18,1.25085440874915,0.233766233766234,0.059016393442623,19,1.21031746031746,0.226190476190476,0.0622950819672131,11,1.21557971014493,0.183333333333333,0.0360655737704918,14,1.37653127014829,0.212121212121212,0.0459016393442623,13,1.21402327005511,0.183098591549296,0.0426229508196721,16,1.39428571428571,0.228571428571429,0.0524590163934426,23,1.48465608465608,0.306666666666667,0.0754098360655738,16,1.18908382066277,0.222222222222222,0.0524590163934426,15,1.83293269230769,0.234375,0.0491803278688525,17,1.26217137293087,0.215189873417722,0.0557377049180328
"968",968,"sexo2=1,escol4=1,alcool=0,comdiab=0,pdres5=1","encerra2=1",10,1.28964059196617,0.181818181818182,0.0327868852459016,18,1.40588988476312,0.253521126760563,0.059016393442623,19,1.79968944099379,0.271428571428571,0.0622950819672131,13,1.14728009259259,0.180555555555556,0.0426229508196721,16,1.48644532439842,0.238805970149254,0.0524590163934426,17,1.5655193236715,0.236111111111111,0.0557377049180328,17,1.34745322245322,0.22972972972973,0.0557377049180328,19,1.61510590858417,0.27536231884058,0.0622950819672131,14,1.17760617760618,0.189189189189189,0.0459016393442623,15,1.19889937106918,0.208333333333333,0.0491803278688525,13,1.24100156494523,0.183098591549296,0.0426229508196721,18,1.62377994676131,0.260869565217391,0.059016393442623,18,1.36160714285714,0.25,0.059016393442623,15,1.33343048673856,0.205479452054795,0.0491803278688525,15,1.43192488262911,0.211267605633803,0.0491803278688525,18,1.72370486656201,0.276923076923077,0.059016393442623,16,1.25514403292181,0.222222222222222,0.0524590163934426,14,1.3360450563204,0.205882352941176,0.0459016393442623,14,1.22069754145226,0.212121212121212,0.0459016393442623,15,1.27083333333333,0.208333333333333,0.0491803278688525,17,1.56268836648583,0.215189873417722,0.0557377049180328,11,1.31259780907668,0.154929577464789,0.0360655737704918,18,1.73295454545455,0.272727272727273,0.059016393442623,18,1.54560810810811,0.243243243243243,0.059016393442623,18,1.40588988476312,0.253521126760563,0.059016393442623,18,1.43642072213501,0.230769230769231,0.059016393442623,19,1.53591306652531,0.246753246753247,0.0622950819672131,18,1.26731301939058,0.236842105263158,0.059016393442623,19,1.22489959839357,0.228915662650602,0.0622950819672131,10,1.1238025055269,0.169491525423729,0.0327868852459016,14,1.39770867430442,0.215384615384615,0.0459016393442623,13,1.23136645962733,0.185714285714286,0.0426229508196721,16,1.41449275362319,0.231884057971014,0.0524590163934426,23,1.504719004719,0.310810810810811,0.0754098360655738,16,1.20583148010872,0.225352112676056,0.0524590163934426,14,1.76592224979322,0.225806451612903,0.0459016393442623,17,1.26217137293087,0.215189873417722,0.0557377049180328
"973",973,"sexo2=1,escol4=1,comdiab=0,comtabagis=0,pdres5=1","encerra2=1",14,1.36030582988213,0.191780821917808,0.0459016393442623,15,1.12407862407862,0.202702702702703,0.0491803278688525,21,1.69803817603393,0.25609756097561,0.0688524590163934,19,1.37192234848485,0.215909090909091,0.0622950819672131,16,1.27681841967556,0.205128205128205,0.0524590163934426,17,1.50289855072464,0.226666666666667,0.0557377049180328,20,1.54352226720648,0.263157894736842,0.0655737704918033,21,1.59965034965035,0.272727272727273,0.0688524590163934,17,1.35661957090529,0.217948717948718,0.0557377049180328,19,1.28634850166482,0.223529411764706,0.0622950819672131,14,1.11633986928105,0.164705882352941,0.0459016393442623,18,1.60058309037901,0.257142857142857,0.059016393442623,23,1.49128401360544,0.273809523809524,0.0754098360655738,18,1.55744680851064,0.24,0.059016393442623,14,1.21652421652422,0.179487179487179,0.0459016393442623,24,1.9656283566058,0.315789473684211,0.0786885245901639,17,1.26340155945419,0.223684210526316,0.0557377049180328,20,1.56370161497052,0.240963855421687,0.0655737704918033,17,1.35875262054507,0.236111111111111,0.0557377049180328,17,1.32948717948718,0.217948717948718,0.0557377049180328,19,1.72470238095238,0.2375,0.0622950819672131,11,1.21031746031746,0.142857142857143,0.0360655737704918,18,1.787109375,0.28125,0.059016393442623,20,1.71734234234234,0.27027027027027,0.0655737704918033,20,1.38636363636364,0.25,0.0655737704918033,16,1.40270192584076,0.225352112676056,0.0524590163934426,17,1.21627961529439,0.195402298850575,0.0557377049180328,24,1.54724159797083,0.289156626506024,0.0786885245901639,17,1.22925557136083,0.22972972972973,0.0557377049180328,17,1.5655193236715,0.236111111111111,0.0557377049180328,19,1.56073256127121,0.240506329113924,0.0622950819672131,16,1.21939030484758,0.183908045977011,0.0524590163934426,18,1.42597402597403,0.233766233766234,0.059016393442623,27,1.61375661375661,0.333333333333333,0.0885245901639344,21,1.42238507661559,0.265822784810127,0.0688524590163934,17,1.66185897435897,0.2125,0.0557377049180328,19,1.22464074387151,0.208791208791209,0.0622950819672131
"979",979,"sexo2=1,fxet3=1,comdiab=0,pdres5=1,tipores3=1","encerra2=1",22,1.14740082079343,0.161764705882353,0.0721311475409836,30,1.30994989262706,0.236220472440945,0.0983606557377049,28,1.29826695044086,0.195804195804196,0.0918032786885246,27,1.29971590909091,0.204545454545455,0.0885245901639344,25,1.24489795918367,0.2,0.0819672131147541,22,1.12207357859532,0.169230769230769,0.0721311475409836,28,1.2931556632344,0.220472440944882,0.0918032786885246,28,1.27310673822302,0.217054263565891,0.0918032786885246,24,1.25535928657177,0.201680672268908,0.0786885245901639,26,1.15094339622642,0.2,0.0852459016393443,24,1.2609819121447,0.186046511627907,0.0786885245901639,28,1.34065934065934,0.215384615384615,0.0918032786885246,30,1.28655793025872,0.236220472440945,0.0983606557377049,24,1.27659574468085,0.19672131147541,0.0786885245901639,20,1.15859449192783,0.170940170940171,0.0655737704918033,28,1.45238095238095,0.233333333333333,0.0918032786885246,24,1.11111111111111,0.19672131147541,0.0786885245901639,29,1.32529217860354,0.204225352112676,0.0950819672131148,24,1.10490566037736,0.192,0.0786885245901639,24,1.10075187969925,0.180451127819549,0.0786885245901639,25,1.42950881139858,0.196850393700787,0.0819672131147541,20,1.3034188034188,0.153846153846154,0.0655737704918033,29,1.49813685636856,0.235772357723577,0.0950819672131148,25,1.2126272264631,0.190839694656489,0.0819672131147541,27,1.32502011263073,0.238938053097345,0.0885245901639344,24,1.26599792459357,0.203389830508475,0.0786885245901639,29,1.37794048917277,0.221374045801527,0.0950819672131148,38,1.44208037825059,0.269503546099291,0.124590163934426,27,1.12870065789474,0.2109375,0.0885245901639344,21,1.15073661516349,0.173553719008264,0.0688524590163934,24,1.19803600654664,0.184615384615385,0.0786885245901639,20,1.10507246376812,0.166666666666667,0.0655737704918033,24,1.1712,0.192,0.0786885245901639,32,1.21984751906012,0.251968503937008,0.104918032786885,31,1.24719693971772,0.233082706766917,0.101639344262295,23,1.55061892130858,0.198275862068966,0.0754098360655738,31,1.38799177921315,0.236641221374046,0.101639344262295
"992",992,"sexo2=1,fxet3=1,escol4=1,alcool=0,comdiab=0,pdres5=1","encerra2=1",10,1.36404293381038,0.192307692307692,0.0327868852459016,16,1.34435261707989,0.242424242424242,0.0524590163934426,18,1.83612040133779,0.276923076923077,0.059016393442623,11,1.10945767195767,0.174603174603175,0.0360655737704918,15,1.55612244897959,0.25,0.0491803278688525,16,1.58338741077223,0.238805970149254,0.0524590163934426,17,1.46634615384615,0.25,0.0557377049180328,17,1.71916445623342,0.293103448275862,0.0557377049180328,13,1.30513495720869,0.209677419354839,0.0426229508196721,14,1.29945222154595,0.225806451612903,0.0459016393442623,11,1.24259259259259,0.183333333333333,0.0360655737704918,17,1.70671494404213,0.274193548387097,0.0557377049180328,17,1.56930992736077,0.288135593220339,0.0557377049180328,15,1.45284217211813,0.223880597014925,0.0491803278688525,14,1.50617283950617,0.222222222222222,0.0459016393442623,17,1.79349705984089,0.288135593220339,0.0557377049180328,16,1.3692480359147,0.242424242424242,0.0524590163934426,14,1.51418439716312,0.233333333333333,0.0459016393442623,13,1.1874812818209,0.206349206349206,0.0426229508196721,13,1.27903225806452,0.209677419354839,0.0426229508196721,17,1.76360544217687,0.242857142857143,0.0557377049180328,11,1.47927689594356,0.174603174603175,0.0360655737704918,18,1.84475806451613,0.290322580645161,0.059016393442623,18,1.68198529411765,0.264705882352941,0.059016393442623,17,1.57121212121212,0.283333333333333,0.0557377049180328,17,1.67962423064464,0.26984126984127,0.0557377049180328,19,1.71398994380361,0.27536231884058,0.0622950819672131,18,1.33771929824561,0.25,0.059016393442623,17,1.24609468877674,0.232876712328767,0.0557377049180328,10,1.22785829307568,0.185185185185185,0.0327868852459016,13,1.4545121056493,0.224137931034483,0.0426229508196721,13,1.43659420289855,0.216666666666667,0.0426229508196721,14,1.44745762711864,0.23728813559322,0.0459016393442623,23,1.71306471306471,0.353846153846154,0.0754098360655738,15,1.36039250669045,0.254237288135593,0.0491803278688525,14,2.02754036087369,0.259259259259259,0.0459016393442623,16,1.32177681473456,0.225352112676056,0.0524590163934426
"993",993,"sexo2=1,fxet3=1,escol4=1,comdiab=0,comtabagis=0","encerra2=1",15,1.54196157735086,0.217391304347826,0.0491803278688525,14,1.10909090909091,0.2,0.0459016393442623,21,1.71900161030596,0.259259259259259,0.0688524590163934,18,1.4296875,0.225,0.059016393442623,16,1.42274052478134,0.228571428571429,0.0524590163934426,17,1.61024844720497,0.242857142857143,0.0557377049180328,20,1.70011148272018,0.289855072463768,0.0655737704918033,20,1.72511312217195,0.294117647058824,0.0655737704918033,16,1.48644532439842,0.238805970149254,0.0524590163934426,19,1.41999509924038,0.246753246753247,0.0622950819672131,13,1.17481481481481,0.173333333333333,0.0426229508196721,17,1.67962423064464,0.26984126984127,0.0557377049180328,22,1.64138943248532,0.301369863013699,0.0721311475409836,18,1.64519029068025,0.253521126760563,0.059016393442623,15,1.39269406392694,0.205479452054795,0.0491803278688525,24,2.10405288876114,0.338028169014085,0.0786885245901639,17,1.37169312169312,0.242857142857143,0.0557377049180328,21,1.76982591876209,0.272727272727273,0.0688524590163934,17,1.39757412398922,0.242857142857143,0.0557377049180328,17,1.46056338028169,0.23943661971831,0.0557377049180328,19,1.91633597883598,0.263888888888889,0.0622950819672131,12,1.47342995169082,0.173913043478261,0.039344262295082,19,1.97916666666667,0.311475409836066,0.0622950819672131,20,1.84178743961353,0.289855072463768,0.0655737704918033,19,1.5051948051948,0.271428571428571,0.0622950819672131,16,1.68799723279142,0.271186440677966,0.0524590163934426,18,1.38321995464853,0.222222222222222,0.059016393442623,24,1.60526315789474,0.3,0.0786885245901639,16,1.27782141921969,0.238805970149254,0.0524590163934426,18,1.80830039525692,0.272727272727273,0.059016393442623,18,1.64519029068025,0.253521126760563,0.059016393442623,16,1.34287286736379,0.20253164556962,0.0524590163934426,17,1.48142857142857,0.242857142857143,0.0557377049180328,27,1.841046277666,0.380281690140845,0.0885245901639344,21,1.5826538176427,0.295774647887324,0.0688524590163934,18,1.98266522210184,0.253521126760563,0.059016393442623,18,1.31971153846154,0.225,0.059016393442623
"994",994,"sexo2=1,fxet3=1,escol4=1,comdiab=0,comtabagis=0,pdres5=1","encerra2=1",14,1.48212426240889,0.208955223880597,0.0459016393442623,14,1.14171122994652,0.205882352941176,0.0459016393442623,21,1.78511705685619,0.269230769230769,0.0688524590163934,18,1.46634615384615,0.230769230769231,0.059016393442623,16,1.44335995267672,0.231884057971014,0.0524590163934426,17,1.65760869565217,0.25,0.0557377049180328,20,1.70011148272018,0.289855072463768,0.0655737704918033,20,1.77738927738928,0.303030303030303,0.0655737704918033,16,1.53218210361068,0.246153846153846,0.0524590163934426,18,1.39979602243753,0.243243243243243,0.059016393442623,13,1.17481481481481,0.173333333333333,0.0426229508196721,17,1.67962423064464,0.26984126984127,0.0557377049180328,22,1.68762575452716,0.309859154929577,0.0721311475409836,18,1.69287696577243,0.260869565217391,0.059016393442623,14,1.35555555555556,0.2,0.0459016393442623,24,2.13411078717201,0.342857142857143,0.0786885245901639,17,1.37169312169312,0.242857142857143,0.0557377049180328,20,1.73049645390071,0.266666666666667,0.0655737704918033,17,1.43867924528302,0.25,0.0557377049180328,16,1.41449275362319,0.231884057971014,0.0524590163934426,19,1.94332662642522,0.267605633802817,0.0622950819672131,11,1.39096185737977,0.164179104477612,0.0360655737704918,18,1.90625,0.3,0.059016393442623,20,1.86887254901961,0.294117647058824,0.0655737704918033,19,1.5270092226614,0.27536231884058,0.0622950819672131,16,1.68799723279142,0.271186440677966,0.0524590163934426,17,1.33944717127357,0.215189873417722,0.0557377049180328,24,1.62558294470353,0.30379746835443,0.0786885245901639,16,1.29718234981393,0.242424242424242,0.0524590163934426,17,1.73411371237458,0.261538461538462,0.0557377049180328,18,1.66869300911854,0.257142857142857,0.059016393442623,16,1.36008918617614,0.205128205128205,0.0524590163934426,17,1.50289855072464,0.246376811594203,0.0557377049180328,27,1.86734693877551,0.385714285714286,0.0885245901639344,21,1.60526315789474,0.3,0.0688524590163934,17,1.92679301374954,0.246376811594203,0.0557377049180328,18,1.31971153846154,0.225,0.059016393442623
"995",995,"sexo2=1,fxet3=1,escol4=1,comdiab=0,pdres5=1","encerra2=1",18,1.21594684385382,0.171428571428571,0.059016393442623,27,1.38636363636364,0.25,0.0885245901639344,27,1.53010033444816,0.230769230769231,0.0885245901639344,23,1.24910968660969,0.196581196581197,0.0754098360655738,22,1.24489795918367,0.2,0.0721311475409836,22,1.33825289190267,0.201834862385321,0.0721311475409836,31,1.60908781484003,0.274336283185841,0.101639344262295,23,1.27267779390421,0.216981132075472,0.0754098360655738,23,1.3255857898715,0.212962962962963,0.0754098360655738,24,1.31536388140162,0.228571428571429,0.0786885245901639,19,1.25026968716289,0.184466019417476,0.0622950819672131,23,1.35059684251059,0.216981132075472,0.0754098360655738,28,1.50990099009901,0.277227722772277,0.0918032786885246,22,1.45679548415111,0.224489795918367,0.0721311475409836,21,1.34276729559748,0.19811320754717,0.0688524590163934,28,1.65986394557823,0.266666666666667,0.0918032786885246,21,1.10851505711319,0.196261682242991,0.0688524590163934,29,1.59484313018392,0.245762711864407,0.0950819672131148,21,1.18479467258602,0.205882352941176,0.0688524590163934,24,1.35555555555556,0.222222222222222,0.0786885245901639,21,1.38636363636364,0.190909090909091,0.0688524590163934,15,1.29676870748299,0.153061224489796,0.0491803278688525,26,1.58854166666667,0.25,0.0852459016393443,25,1.49862421383648,0.235849056603774,0.0819672131147541,26,1.38636363636364,0.25,0.0852459016393443,22,1.44146079484425,0.231578947368421,0.0721311475409836,27,1.50054664723032,0.241071428571429,0.0885245901639344,33,1.42402376910017,0.266129032258065,0.108196721311475,27,1.35022134776193,0.252336448598131,0.0885245901639344,22,1.45869565217391,0.22,0.0721311475409836,22,1.28617979681809,0.198198198198198,0.0721311475409836,21,1.28925120772947,0.194444444444444,0.0688524590163934,22,1.29038461538462,0.211538461538462,0.0721311475409836,35,1.52652652652653,0.315315315315315,0.114754098360656,26,1.350706864248,0.252427184466019,0.0852459016393443,19,1.54780982905983,0.197916666666667,0.0622950819672131,27,1.33080155138979,0.226890756302521,0.0885245901639344
"996",996,"sexo2=1,fxet3=1,escol4=1,pdres5=1","encerra2=1",20,1.26661129568106,0.178571428571429,0.0655737704918033,28,1.31587057010786,0.23728813559322,0.0918032786885246,28,1.50936726758572,0.227642276422764,0.0918032786885246,25,1.26074735449735,0.198412698412698,0.0819672131147541,23,1.22361765218908,0.196581196581197,0.0754098360655738,24,1.30434782608696,0.19672131147541,0.0786885245901639,31,1.54090612777053,0.26271186440678,0.101639344262295,26,1.2603305785124,0.214876033057851,0.0852459016393443,24,1.24489795918367,0.2,0.0786885245901639,25,1.28453504043127,0.223214285714286,0.0819672131147541,20,1.22122122122122,0.18018018018018,0.0655737704918033,25,1.34148486980999,0.21551724137931,0.0819672131147541,29,1.4490498034076,0.26605504587156,0.0950819672131148,25,1.48838571149717,0.229357798165138,0.0819672131147541,23,1.34386973180077,0.198275862068966,0.0754098360655738,29,1.51689247127422,0.243697478991597,0.0950819672131148,23,1.11989144316731,0.198275862068966,0.0754098360655738,31,1.584017423354,0.244094488188976,0.101639344262295,22,1.12038737685757,0.194690265486726,0.0721311475409836,25,1.32608695652174,0.217391304347826,0.0819672131147541,24,1.44037780401417,0.198347107438017,0.0786885245901639,15,1.13467261904762,0.133928571428571,0.0491803278688525,29,1.5484943977591,0.243697478991597,0.0950819672131148,25,1.43111861861862,0.225225225225225,0.0819672131147541,26,1.27594529364441,0.230088495575221,0.0852459016393443,23,1.37656985871272,0.221153846153846,0.0754098360655738,30,1.45886479591837,0.234375,0.0983606557377049,35,1.37706398348813,0.257352941176471,0.114754098360656,30,1.38384754990926,0.258620689655172,0.0983606557377049,23,1.38636363636364,0.209090909090909,0.0754098360655738,23,1.25424637940282,0.19327731092437,0.0754098360655738,24,1.27304347826087,0.192,0.0786885245901639,24,1.29557522123894,0.212389380530973,0.0786885245901639,38,1.50793650793651,0.311475409836066,0.124590163934426,28,1.41343925852367,0.264150943396226,0.0918032786885246,20,1.38416156115271,0.176991150442478,0.0655737704918033,29,1.32887620192308,0.2265625,0.0950819672131148
"997",997,"sexo2=1,fxet3=1,escol4=1,pdres5=1,tipores3=1","encerra2=1",17,1.32507027855865,0.186813186813187,0.0557377049180328,21,1.25219941348974,0.225806451612903,0.0688524590163934,24,1.62377994676131,0.244897959183673,0.0786885245901639,19,1.17212783171521,0.184466019417476,0.0622950819672131,20,1.31041890440387,0.210526315789474,0.0655737704918033,20,1.27508361204013,0.192307692307692,0.0655737704918033,24,1.48178137651822,0.252631578947368,0.0786885245901639,24,1.40769230769231,0.24,0.0786885245901639,19,1.20678883798417,0.193877551020408,0.0622950819672131,19,1.18847415914684,0.206521739130435,0.0622950819672131,18,1.31182795698925,0.193548387096774,0.059016393442623,22,1.41173995371344,0.22680412371134,0.0721311475409836,25,1.52989566613162,0.280898876404494,0.0819672131147541,23,1.696083172147,0.261363636363636,0.0754098360655738,17,1.32439335887612,0.195402298850575,0.0557377049180328,24,1.60631994733377,0.258064516129032,0.0786885245901639,20,1.20173364854216,0.212765957446809,0.0655737704918033,27,1.63750248558361,0.252336448598131,0.0885245901639344,21,1.28562826174227,0.223404255319149,0.0688524590163934,20,1.32608695652174,0.217391304347826,0.0655737704918033,22,1.59761904761905,0.22,0.0721311475409836,13,1.21031746031746,0.142857142857143,0.0426229508196721,25,1.67214912280702,0.263157894736842,0.0819672131147541,20,1.41203703703704,0.222222222222222,0.0655737704918033,20,1.35254988913525,0.24390243902439,0.0655737704918033,18,1.33381924198251,0.214285714285714,0.059016393442623,25,1.48202137998056,0.238095238095238,0.0819672131147541,32,1.50200061557402,0.280701754385965,0.104918032786885,25,1.39345760233918,0.260416666666667,0.0819672131147541,19,1.4480259870065,0.218390804597701,0.0622950819672131,17,1.17360796740607,0.180851063829787,0.0557377049180328,16,1.10507246376812,0.166666666666667,0.0524590163934426,20,1.31182795698925,0.21505376344086,0.0655737704918033,30,1.51289682539683,0.3125,0.0983606557377049,27,1.58762290341238,0.296703296703297,0.0885245901639344,17,1.5281461833186,0.195402298850575,0.0557377049180328,27,1.52274408284024,0.259615384615385,0.0885245901639344
"998",998,"sexo2=1,fxet3=1,mumigual=0,comdiab=0","encerra2=1",19,1.54905105586742,0.218390804597701,0.0622950819672131,22,1.29787234042553,0.234042553191489,0.0721311475409836,18,1.13664596273292,0.171428571428571,0.059016393442623,19,1.3565074906367,0.213483146067416,0.0622950819672131,20,1.46458583433373,0.235294117647059,0.0655737704918033,17,1.2120149602618,0.182795698924731,0.0557377049180328,23,1.53299825174825,0.261363636363636,0.0754098360655738,22,1.44987035436474,0.247191011235955,0.0721311475409836,19,1.37517797816801,0.22093023255814,0.0622950819672131,22,1.45521578833225,0.252873563218391,0.0721311475409836,14,1.17146776406036,0.172839506172839,0.0459016393442623,23,1.46084964598084,0.23469387755102,0.0754098360655738,21,1.29971590909091,0.238636363636364,0.0688524590163934,15,1.14518147684606,0.176470588235294,0.0491803278688525,24,1.71228070175439,0.252631578947368,0.0786885245901639,22,1.61104441776711,0.258823529411765,0.0721311475409836,19,1.19238683127572,0.211111111111111,0.0622950819672131,23,1.55474290780142,0.239583333333333,0.0754098360655738,20,1.30789022298456,0.227272727272727,0.0655737704918033,18,1.10909090909091,0.181818181818182,0.059016393442623,21,1.67582417582418,0.230769230769231,0.0688524590163934,20,1.66122004357298,0.196078431372549,0.0655737704918033,20,1.46072796934866,0.229885057471264,0.0655737704918033,24,1.65760869565217,0.260869565217391,0.0786885245901639,22,1.41860465116279,0.255813953488372,0.0721311475409836,18,1.49387755102041,0.24,0.059016393442623,22,1.45679548415111,0.234042553191489,0.0721311475409836,27,1.53695408734602,0.287234042553192,0.0885245901639344,22,1.25233296005972,0.234042553191489,0.0721311475409836,15,1.21288441145281,0.182926829268293,0.0491803278688525,22,1.56885667523965,0.241758241758242,0.0721311475409836,22,1.77889713679745,0.268292682926829,0.0721311475409836,19,1.30224719101124,0.213483146067416,0.0622950819672131,26,1.3249791144528,0.273684210526316,0.0852459016393443,18,1.14661654135338,0.214285714285714,0.059016393442623,21,1.88770999115827,0.241379310344828,0.0688524590163934,19,1.22464074387151,0.208791208791209,0.0622950819672131
"999",999,"sexo2=1,fxet3=1,mumigual=0,comdiab=0,pdres5=1,cavitacao=1","encerra2=1",12,1.25170998632011,0.176470588235294,0.039344262295082,19,1.35081585081585,0.243589743589744,0.0622950819672131,14,1.10507246376812,0.166666666666667,0.0459016393442623,17,1.63667929292929,0.257575757575758,0.0557377049180328,16,1.48644532439842,0.238805970149254,0.0524590163934426,13,1.19716183574879,0.180555555555556,0.0426229508196721,16,1.38009049773756,0.235294117647059,0.0524590163934426,17,1.42445054945055,0.242857142857143,0.0557377049180328,16,1.53218210361068,0.246153846153846,0.0524590163934426,19,1.60793562708102,0.279411764705882,0.0622950819672131,12,1.27083333333333,0.1875,0.039344262295082,20,1.43091719446399,0.229885057471264,0.0655737704918033,18,1.40051020408163,0.257142857142857,0.059016393442623,11,1.15133836650652,0.17741935483871,0.0360655737704918,19,1.78858024691358,0.263888888888889,0.0622950819672131,20,1.85805665549802,0.298507462686567,0.0655737704918033,17,1.37169312169312,0.242857142857143,0.0557377049180328,19,1.71247044917258,0.263888888888889,0.0622950819672131,19,1.53999468509168,0.267605633802817,0.0622950819672131,15,1.14375,0.1875,0.0491803278688525,15,1.62579957356077,0.223880597014925,0.0491803278688525,17,1.84650997150997,0.217948717948718,0.0557377049180328,18,1.73295454545455,0.272727272727273,0.059016393442623,22,1.86388888888889,0.293333333333333,0.0721311475409836,17,1.38636363636364,0.25,0.0557377049180328,16,1.68799723279142,0.271186440677966,0.0524590163934426,16,1.3642717360917,0.219178082191781,0.0524590163934426,24,1.73541963015647,0.324324324324324,0.0786885245901639,17,1.22925557136083,0.22972972972973,0.0557377049180328,11,1.13960597826087,0.171875,0.0360655737704918,18,1.62234042553191,0.25,0.059016393442623,17,1.81802244039271,0.274193548387097,0.0557377049180328,19,1.65571428571429,0.271428571428571,0.0622950819672131,19,1.35270774976657,0.279411764705882,0.0622950819672131,16,1.27782141921969,0.238805970149254,0.0524590163934426,16,1.86758515116724,0.238805970149254,0.0524590163934426,17,1.3659114857745,0.232876712328767,0.0557377049180328
"1000",1000,"sexo2=1,fxet3=1,mumigual=0,comdiab=0,pdres5=1,tipores3=1","encerra2=1",15,1.61205073995772,0.227272727272727,0.0491803278688525,18,1.44664031620553,0.260869565217391,0.059016393442623,15,1.25894331315355,0.189873417721519,0.0491803278688525,14,1.38997395833333,0.21875,0.0459016393442623,16,1.60631994733377,0.258064516129032,0.0524590163934426,13,1.21402327005511,0.183098591549296,0.0426229508196721,16,1.48962148962149,0.253968253968254,0.0524590163934426,17,1.48823191733639,0.253731343283582,0.0557377049180328,15,1.43642072213501,0.230769230769231,0.0491803278688525,16,1.39508290451687,0.242424242424242,0.0524590163934426,12,1.37853107344633,0.203389830508475,0.039344262295082,20,1.70533967011462,0.273972602739726,0.0655737704918033,20,1.51289682539683,0.277777777777778,0.0655737704918033,13,1.36067261496225,0.209677419354839,0.0426229508196721,14,1.39542483660131,0.205882352941176,0.0459016393442623,16,1.5808228053126,0.253968253968254,0.0524590163934426,15,1.34479717813051,0.238095238095238,0.0491803278688525,18,1.51699364465322,0.233766233766234,0.059016393442623,16,1.37426077161363,0.238805970149254,0.0524590163934426,14,1.15405405405405,0.189189189189189,0.0459016393442623,18,1.81547619047619,0.25,0.059016393442623,17,1.87049062049062,0.220779220779221,0.0557377049180328,16,1.58854166666667,0.25,0.0524590163934426,18,1.63392857142857,0.257142857142857,0.059016393442623,18,1.63636363636364,0.295081967213115,0.059016393442623,15,1.63802363050483,0.263157894736842,0.0491803278688525,17,1.49037079620581,0.23943661971831,0.0557377049180328,24,1.66780587833219,0.311688311688312,0.0786885245901639,16,1.22305764411028,0.228571428571429,0.0524590163934426,11,1.17636746143058,0.17741935483871,0.0360655737704918,17,1.77934111187371,0.274193548387097,0.0557377049180328,14,1.68774703557312,0.254545454545455,0.0459016393442623,14,1.25588235294118,0.205882352941176,0.0459016393442623,18,1.28151260504202,0.264705882352941,0.059016393442623,15,1.16323417238749,0.217391304347826,0.0491803278688525,16,1.8958818958819,0.242424242424242,0.0524590163934426,19,1.50597713097713,0.256756756756757,0.0622950819672131
"1001",1001,"sexo2=1,fxet3=1,mumigual=0,comdiab=0,tipores3=1","encerra2=1",15,1.58799028115238,0.223880597014925,0.0491803278688525,18,1.42597402597403,0.257142857142857,0.059016393442623,15,1.22785829307568,0.185185185185185,0.0491803278688525,14,1.34785353535354,0.212121212121212,0.0459016393442623,16,1.5808228053126,0.253968253968254,0.0524590163934426,13,1.18076235854675,0.178082191780822,0.0426229508196721,16,1.48962148962149,0.253968253968254,0.0524590163934426,17,1.46634615384615,0.25,0.0557377049180328,15,1.41465677179963,0.227272727272727,0.0491803278688525,16,1.35405105438402,0.235294117647059,0.0524590163934426,12,1.37853107344633,0.203389830508475,0.039344262295082,20,1.70533967011462,0.273972602739726,0.0655737704918033,20,1.49217221135029,0.273972602739726,0.0655737704918033,13,1.33907463694698,0.206349206349206,0.0426229508196721,14,1.37520128824477,0.202898550724638,0.0459016393442623,16,1.55612244897959,0.25,0.0524590163934426,15,1.34479717813051,0.238095238095238,0.0491803278688525,18,1.51699364465322,0.233766233766234,0.059016393442623,16,1.35405105438402,0.235294117647059,0.0524590163934426,14,1.15405405405405,0.189189189189189,0.0459016393442623,18,1.81547619047619,0.25,0.059016393442623,17,1.87049062049062,0.220779220779221,0.0557377049180328,16,1.58854166666667,0.25,0.0524590163934426,18,1.63392857142857,0.257142857142857,0.059016393442623,18,1.6099706744868,0.290322580645161,0.059016393442623,15,1.63802363050483,0.263157894736842,0.0491803278688525,17,1.49037079620581,0.23943661971831,0.0557377049180328,24,1.64642375168691,0.307692307692308,0.0786885245901639,16,1.22305764411028,0.228571428571429,0.0524590163934426,11,1.17636746143058,0.17741935483871,0.0360655737704918,17,1.75109760216143,0.26984126984127,0.0557377049180328,14,1.68774703557312,0.254545454545455,0.0459016393442623,14,1.23768115942029,0.202898550724638,0.0459016393442623,18,1.28151260504202,0.264705882352941,0.059016393442623,15,1.16323417238749,0.217391304347826,0.0491803278688525,16,1.8958818958819,0.242424242424242,0.0524590163934426,19,1.50597713097713,0.256756756756757,0.0622950819672131
"1002",1002,"sexo2=1,fxet3=1,mumigual=0,hiv3=0,pdres5=1,tipores3=1","encerra2=1",17,2.04375246353961,0.288135593220339,0.0557377049180328,17,1.4963924963925,0.26984126984127,0.0557377049180328,13,1.36818495514148,0.206349206349206,0.0426229508196721,14,1.53376436781609,0.241379310344828,0.0459016393442623,14,1.8944099378882,0.304347826086957,0.0459016393442623,13,1.39025245441795,0.209677419354839,0.0426229508196721,12,1.35355029585799,0.230769230769231,0.039344262295082,17,1.71916445623342,0.293103448275862,0.0557377049180328,13,1.37149775164303,0.220338983050847,0.0426229508196721,14,1.38906961613533,0.241379310344828,0.0459016393442623,11,1.55324074074074,0.229166666666667,0.0360655737704918,16,1.63265306122449,0.262295081967213,0.0524590163934426,18,1.66162227602906,0.305084745762712,0.059016393442623,13,1.56225374310481,0.240740740740741,0.0426229508196721,15,1.63978494623656,0.241935483870968,0.0491803278688525,13,1.52676164805545,0.245283018867925,0.0426229508196721,15,1.54040404040404,0.272727272727273,0.0491803278688525,15,1.47485493230174,0.227272727272727,0.0491803278688525,17,1.65813879117365,0.288135593220339,0.0557377049180328,11,1.17719298245614,0.192982456140351,0.0360655737704918,19,2.12271062271062,0.292307692307692,0.0622950819672131,15,1.95512820512821,0.230769230769231,0.0491803278688525,15,1.79834905660377,0.283018867924528,0.0491803278688525,12,1.41203703703704,0.222222222222222,0.039344262295082,15,1.69758812615955,0.306122448979592,0.0491803278688525,12,1.52436484798001,0.244897959183673,0.039344262295082,16,1.68799723279142,0.271186440677966,0.0524590163934426,24,1.80874722016308,0.338028169014085,0.0786885245901639,17,1.49122807017544,0.278688524590164,0.0557377049180328,10,1.25102543068089,0.188679245283019,0.0327868852459016,14,1.74713584288052,0.269230769230769,0.0459016393442623,15,2.07201086956522,0.3125,0.0491803278688525,16,1.5741935483871,0.258064516129032,0.0524590163934426,18,1.47699757869249,0.305084745762712,0.059016393442623,13,1.28817413905133,0.240740740740741,0.0426229508196721,16,2.15738284703802,0.275862068965517,0.0524590163934426,17,1.6900260756193,0.288135593220339,0.0557377049180328
"1003",1003,"sexo2=1,fxet3=1,mumigual=0,hiv3=0,ppl=0,pdres5=1,tipores3=1","encerra2=1",17,2.11546307629539,0.298245614035088,0.0557377049180328,16,1.45454545454545,0.262295081967213,0.0524590163934426,12,1.32608695652174,0.2,0.039344262295082,13,1.55856918238994,0.245283018867925,0.0426229508196721,13,1.83905380333952,0.295454545454545,0.0426229508196721,13,1.46094325718497,0.220338983050847,0.0426229508196721,12,1.43642072213501,0.244897959183673,0.039344262295082,17,1.74932523616734,0.298245614035088,0.0557377049180328,13,1.47124304267161,0.236363636363636,0.0426229508196721,14,1.43867924528302,0.25,0.0459016393442623,11,1.58628841607565,0.234042553191489,0.0360655737704918,16,1.74722520587182,0.280701754385965,0.0524590163934426,18,1.75063775510204,0.321428571428571,0.059016393442623,13,1.7216673903604,0.26530612244898,0.0426229508196721,15,1.66666666666667,0.245901639344262,0.0491803278688525,12,1.49387755102041,0.24,0.039344262295082,15,1.66122004357298,0.294117647058824,0.0491803278688525,15,1.5450861195542,0.238095238095238,0.0491803278688525,16,1.64420485175202,0.285714285714286,0.0524590163934426,11,1.26603773584906,0.207547169811321,0.0360655737704918,18,2.10829493087558,0.290322580645161,0.059016393442623,14,1.88271604938272,0.222222222222222,0.0459016393442623,15,1.86887254901961,0.294117647058824,0.0491803278688525,11,1.3187893081761,0.207547169811321,0.0360655737704918,15,1.76982591876209,0.319148936170213,0.0491803278688525,12,1.62377994676131,0.260869565217391,0.039344262295082,15,1.60978184377199,0.258620689655172,0.0491803278688525,23,1.86469962785752,0.348484848484849,0.0754098360655738,17,1.56836055656382,0.293103448275862,0.0557377049180328,10,1.32608695652174,0.2,0.0327868852459016,14,1.81702127659574,0.28,0.0459016393442623,15,2.11609620721554,0.319148936170213,0.0491803278688525,15,1.55084745762712,0.254237288135593,0.0491803278688525,17,1.4963924963925,0.309090909090909,0.0557377049180328,13,1.41962047977086,0.26530612244898,0.0426229508196721,16,2.19523166891588,0.280701754385965,0.0524590163934426,16,1.70629370629371,0.290909090909091,0.0524590163934426
"1004",1004,"sexo2=1,fxet3=1,mumigual=0,hiv3=0,ppl=0,tipores3=1","encerra2=1",17,2.11546307629539,0.298245614035088,0.0557377049180328,16,1.43108504398827,0.258064516129032,0.0524590163934426,12,1.30434782608696,0.19672131147541,0.039344262295082,13,1.50189393939394,0.236363636363636,0.0426229508196721,13,1.79818594104308,0.288888888888889,0.0426229508196721,13,1.43659420289855,0.216666666666667,0.0426229508196721,12,1.43642072213501,0.244897959183673,0.039344262295082,17,1.74932523616734,0.298245614035088,0.0557377049180328,13,1.47124304267161,0.236363636363636,0.0426229508196721,14,1.41343925852367,0.245614035087719,0.0459016393442623,11,1.55324074074074,0.229166666666667,0.0360655737704918,16,1.74722520587182,0.280701754385965,0.0524590163934426,18,1.75063775510204,0.321428571428571,0.059016393442623,13,1.7216673903604,0.26530612244898,0.0426229508196721,15,1.63978494623656,0.241935483870968,0.0491803278688525,12,1.46458583433373,0.235294117647059,0.039344262295082,15,1.66122004357298,0.294117647058824,0.0491803278688525,15,1.5450861195542,0.238095238095238,0.0491803278688525,16,1.61535915259848,0.280701754385965,0.0524590163934426,11,1.24259259259259,0.203703703703704,0.0360655737704918,18,2.10829493087558,0.290322580645161,0.059016393442623,14,1.88271604938272,0.222222222222222,0.0459016393442623,15,1.86887254901961,0.294117647058824,0.0491803278688525,11,1.3187893081761,0.207547169811321,0.0360655737704918,15,1.69758812615955,0.306122448979592,0.0491803278688525,12,1.58923143725575,0.25531914893617,0.039344262295082,15,1.60978184377199,0.258620689655172,0.0491803278688525,23,1.80985552115583,0.338235294117647,0.0754098360655738,17,1.54177817424918,0.288135593220339,0.0557377049180328,10,1.3000852514919,0.196078431372549,0.0327868852459016,14,1.7813934084272,0.274509803921569,0.0459016393442623,15,2.07201086956522,0.3125,0.0491803278688525,15,1.55084745762712,0.254237288135593,0.0491803278688525,17,1.46967120181406,0.303571428571429,0.0557377049180328,13,1.39122807017544,0.26,0.0426229508196721,16,2.19523166891588,0.280701754385965,0.0524590163934426,16,1.67582417582418,0.285714285714286,0.0524590163934426
"1005",1005,"sexo2=1,fxet3=1,mumigual=0,hiv3=0,tipores3=1","encerra2=1",17,2.04375246353961,0.288135593220339,0.0557377049180328,17,1.47301136363636,0.265625,0.0557377049180328,13,1.34680706521739,0.203125,0.0426229508196721,14,1.48263888888889,0.233333333333333,0.0459016393442623,14,1.85410334346505,0.297872340425532,0.0459016393442623,13,1.36818495514148,0.206349206349206,0.0426229508196721,12,1.35355029585799,0.230769230769231,0.039344262295082,17,1.71916445623342,0.293103448275862,0.0557377049180328,13,1.37149775164303,0.220338983050847,0.0426229508196721,14,1.36552606331948,0.23728813559322,0.0459016393442623,11,1.52154195011338,0.224489795918367,0.0360655737704918,16,1.63265306122449,0.262295081967213,0.0524590163934426,18,1.66162227602906,0.305084745762712,0.059016393442623,13,1.56225374310481,0.240740740740741,0.0426229508196721,15,1.61375661375661,0.238095238095238,0.0491803278688525,13,1.49848828420257,0.240740740740741,0.0426229508196721,15,1.54040404040404,0.272727272727273,0.0491803278688525,15,1.47485493230174,0.227272727272727,0.0491803278688525,17,1.63050314465409,0.283333333333333,0.0557377049180328,11,1.15689655172414,0.189655172413793,0.0360655737704918,19,2.12271062271062,0.292307692307692,0.0622950819672131,15,1.95512820512821,0.230769230769231,0.0491803278688525,15,1.79834905660377,0.283018867924528,0.0491803278688525,12,1.41203703703704,0.222222222222222,0.039344262295082,15,1.63101604278075,0.294117647058824,0.0491803278688525,12,1.49387755102041,0.24,0.039344262295082,16,1.68799723279142,0.271186440677966,0.0524590163934426,24,1.75919250180245,0.328767123287671,0.0786885245901639,17,1.46717600452745,0.274193548387097,0.0557377049180328,10,1.22785829307568,0.185185185185185,0.0327868852459016,14,1.71417101565636,0.264150943396226,0.0459016393442623,15,2.02972493345164,0.306122448979592,0.0491803278688525,16,1.5741935483871,0.258064516129032,0.0524590163934426,18,1.45238095238095,0.3,0.059016393442623,13,1.26475279106858,0.236363636363636,0.0426229508196721,16,2.15738284703802,0.275862068965517,0.0524590163934426,17,1.66185897435897,0.283333333333333,0.0557377049180328
"1006",1006,"sexo2=1,fxet3=1,mumigual=0,pdres5=1,tipores3=1","encerra2=1",18,1.77325581395349,0.25,0.059016393442623,19,1.38636363636364,0.25,0.0622950819672131,16,1.30971551261406,0.197530864197531,0.0524590163934426,16,1.41203703703704,0.222222222222222,0.0524590163934426,18,1.67225098994822,0.26865671641791,0.059016393442623,15,1.21288441145281,0.182926829268293,0.0491803278688525,16,1.42191142191142,0.242424242424242,0.0524590163934426,20,1.60695468914647,0.273972602739726,0.0655737704918033,17,1.44953871959743,0.232876712328767,0.0557377049180328,17,1.37788998139782,0.23943661971831,0.0557377049180328,13,1.39858906525573,0.206349206349206,0.0426229508196721,22,1.7556253270539,0.282051282051282,0.0721311475409836,22,1.55612244897959,0.285714285714286,0.0721311475409836,17,1.5537908300869,0.23943661971831,0.0557377049180328,16,1.4855403348554,0.219178082191781,0.0524590163934426,17,1.53356994971902,0.246376811594203,0.0557377049180328,17,1.41203703703704,0.25,0.0557377049180328,20,1.5450861195542,0.238095238095238,0.0655737704918033,18,1.39979602243753,0.243243243243243,0.059016393442623,15,1.17307692307692,0.192307692307692,0.0491803278688525,21,1.95512820512821,0.269230769230769,0.0688524590163934,17,1.75643631436314,0.207317073170732,0.0557377049180328,20,1.74086757990868,0.273972602739726,0.0655737704918033,18,1.56678082191781,0.246575342465753,0.059016393442623,18,1.55965909090909,0.28125,0.059016393442623,16,1.60631994733377,0.258064516129032,0.0524590163934426,20,1.59602302459445,0.256410256410256,0.0655737704918033,26,1.61770705834353,0.302325581395349,0.0852459016393443,19,1.32034632034632,0.246753246753247,0.0622950819672131,13,1.30599472990777,0.196969696969697,0.0426229508196721,18,1.71777221526909,0.264705882352941,0.059016393442623,18,1.8944099378882,0.285714285714286,0.059016393442623,17,1.38266666666667,0.226666666666667,0.0557377049180328,21,1.37387387387387,0.283783783783784,0.0688524590163934,17,1.28119594761552,0.23943661971831,0.0557377049180328,18,1.9022869022869,0.243243243243243,0.059016393442623,21,1.53966346153846,0.2625,0.0688524590163934
"1007",1007,"sexo2=1,fxet3=1,mumigual=0,ppl=0,pdres5=1,tipores3=1","encerra2=1",18,1.85035389282103,0.260869565217391,0.059016393442623,17,1.30934343434343,0.236111111111111,0.0557377049180328,13,1.1341533180778,0.171052631578947,0.0426229508196721,15,1.46634615384615,0.230769230769231,0.0491803278688525,16,1.5808228053126,0.253968253968254,0.0524590163934426,15,1.27508361204013,0.192307692307692,0.0491803278688525,15,1.44230769230769,0.245901639344262,0.0491803278688525,19,1.59203296703297,0.271428571428571,0.0622950819672131,16,1.48644532439842,0.238805970149254,0.0524590163934426,17,1.41782882143834,0.246376811594203,0.0557377049180328,12,1.35555555555556,0.2,0.039344262295082,21,1.79060665362035,0.287671232876712,0.0688524590163934,20,1.51289682539683,0.277777777777778,0.0655737704918033,15,1.52094414893617,0.234375,0.0491803278688525,15,1.47342995169082,0.217391304347826,0.0491803278688525,15,1.43642072213501,0.230769230769231,0.0491803278688525,15,1.36648745519713,0.241935483870968,0.0491803278688525,20,1.60231153138955,0.246913580246914,0.0655737704918033,17,1.37788998139782,0.23943661971831,0.0557377049180328,15,1.25342465753425,0.205479452054795,0.0491803278688525,20,1.93650793650794,0.266666666666667,0.0655737704918033,15,1.60864978902954,0.189873417721519,0.0491803278688525,18,1.70708955223881,0.26865671641791,0.059016393442623,15,1.36160714285714,0.214285714285714,0.0491803278688525,17,1.59784283513097,0.288135593220339,0.0557377049180328,16,1.68799723279142,0.271186440677966,0.0524590163934426,18,1.49387755102041,0.24,0.059016393442623,25,1.65150530647607,0.308641975308642,0.0819672131147541,19,1.39269406392694,0.26027397260274,0.0622950819672131,12,1.30434782608696,0.19672131147541,0.039344262295082,18,1.76982591876209,0.272727272727273,0.059016393442623,17,1.8786231884058,0.283333333333333,0.0557377049180328,16,1.37464788732394,0.225352112676056,0.0524590163934426,19,1.33310328962503,0.27536231884058,0.0622950819672131,16,1.33771929824561,0.25,0.0524590163934426,18,1.98266522210184,0.253521126760563,0.059016393442623,19,1.50597713097713,0.256756756756757,0.0622950819672131
"1008",1008,"sexo2=1,fxet3=1,mumigual=0,ppl=0,tipores3=1","encerra2=1",18,1.82392026578073,0.257142857142857,0.059016393442623,17,1.29140722291407,0.232876712328767,0.0557377049180328,13,1.10507246376812,0.166666666666667,0.0426229508196721,15,1.40165441176471,0.220588235294118,0.0491803278688525,16,1.55612244897959,0.25,0.0524590163934426,15,1.24320652173913,0.1875,0.0491803278688525,15,1.44230769230769,0.245901639344262,0.0491803278688525,19,1.56960996749729,0.267605633802817,0.0622950819672131,16,1.46458583433373,0.235294117647059,0.0524590163934426,17,1.37788998139782,0.23943661971831,0.0557377049180328,12,1.33333333333333,0.19672131147541,0.039344262295082,21,1.79060665362035,0.287671232876712,0.0688524590163934,20,1.49217221135029,0.273972602739726,0.0655737704918033,15,1.49754500818331,0.230769230769231,0.0491803278688525,15,1.43192488262911,0.211267605633803,0.0491803278688525,15,1.41465677179963,0.227272727272727,0.0491803278688525,15,1.36648745519713,0.241935483870968,0.0491803278688525,20,1.60231153138955,0.246913580246914,0.0655737704918033,17,1.35875262054507,0.236111111111111,0.0557377049180328,15,1.23648648648649,0.202702702702703,0.0491803278688525,20,1.93650793650794,0.266666666666667,0.0655737704918033,15,1.60864978902954,0.189873417721519,0.0491803278688525,18,1.70708955223881,0.26865671641791,0.059016393442623,15,1.36160714285714,0.214285714285714,0.0491803278688525,17,1.54545454545455,0.278688524590164,0.0557377049180328,16,1.65986394557823,0.266666666666667,0.0524590163934426,18,1.49387755102041,0.24,0.059016393442623,25,1.61170999788628,0.301204819277108,0.0819672131147541,19,1.37387387387387,0.256756756756757,0.0622950819672131,12,1.28330995792426,0.193548387096774,0.039344262295082,18,1.71777221526909,0.264705882352941,0.059016393442623,17,1.84782608695652,0.278688524590164,0.0557377049180328,16,1.35555555555556,0.222222222222222,0.0524590163934426,19,1.3140589569161,0.271428571428571,0.0622950819672131,16,1.31713900134953,0.246153846153846,0.0524590163934426,18,1.98266522210184,0.253521126760563,0.059016393442623,19,1.48589743589744,0.253333333333333,0.0622950819672131
"1009",1009,"sexo2=1,fxet3=1,mumigual=0,tipores3=1","encerra2=1",18,1.74896463841988,0.246575342465753,0.059016393442623,19,1.36835891381346,0.246753246753247,0.0622950819672131,16,1.27815610267156,0.192771084337349,0.0524590163934426,16,1.35555555555556,0.213333333333333,0.0524590163934426,18,1.64765906362545,0.264705882352941,0.059016393442623,15,1.18400621118012,0.178571428571429,0.0491803278688525,16,1.42191142191142,0.242424242424242,0.0524590163934426,20,1.58523908523909,0.27027027027027,0.0655737704918033,17,1.42995035852179,0.22972972972973,0.0557377049180328,17,1.34013957094857,0.232876712328767,0.0557377049180328,13,1.37673611111111,0.203125,0.0426229508196721,22,1.7556253270539,0.282051282051282,0.0721311475409836,22,1.53617216117216,0.282051282051282,0.0721311475409836,17,1.53221040189125,0.236111111111111,0.0557377049180328,16,1.44592592592593,0.213333333333333,0.0524590163934426,17,1.51166180758017,0.242857142857143,0.0557377049180328,17,1.41203703703704,0.25,0.0557377049180328,20,1.5450861195542,0.238095238095238,0.0655737704918033,18,1.3811320754717,0.24,0.059016393442623,15,1.15822784810127,0.189873417721519,0.0491803278688525,21,1.95512820512821,0.269230769230769,0.0688524590163934,17,1.75643631436314,0.207317073170732,0.0557377049180328,20,1.74086757990868,0.273972602739726,0.0655737704918033,18,1.56678082191781,0.246575342465753,0.059016393442623,18,1.51239669421488,0.272727272727273,0.059016393442623,16,1.5808228053126,0.253968253968254,0.0524590163934426,20,1.59602302459445,0.256410256410256,0.0655737704918033,26,1.58094098883573,0.295454545454545,0.0852459016393443,19,1.3034188034188,0.243589743589744,0.0622950819672131,13,1.28650227125243,0.194029850746269,0.0426229508196721,18,1.66869300911854,0.257142857142857,0.059016393442623,18,1.8648097826087,0.28125,0.059016393442623,17,1.36447368421053,0.223684210526316,0.0557377049180328,21,1.35555555555556,0.28,0.0688524590163934,17,1.26340155945419,0.236111111111111,0.0557377049180328,18,1.9022869022869,0.243243243243243,0.059016393442623,21,1.52065527065527,0.259259259259259,0.0688524590163934
"1010",1010,"sexo2=1,mumigual=0,cavitacao=1","encerra2=1",15,1.23715521903732,0.174418604651163,0.0491803278688525,21,1.21306818181818,0.21875,0.0688524590163934,16,1.10507246376812,0.166666666666667,0.0524590163934426,21,1.51633522727273,0.238636363636364,0.0688524590163934,18,1.38321995464853,0.222222222222222,0.059016393442623,17,1.2120149602618,0.182795698924731,0.0557377049180328,16,1.1306765523633,0.192771084337349,0.0524590163934426,22,1.46634615384615,0.25,0.0721311475409836,18,1.41823818134849,0.227848101265823,0.059016393442623,21,1.45601273016595,0.253012048192771,0.0688524590163934,14,1.21652421652422,0.179487179487179,0.0459016393442623,22,1.34253701480592,0.215686274509804,0.0721311475409836,19,1.26197735191638,0.231707317073171,0.0622950819672131,15,1.28079507278835,0.197368421052632,0.0491803278688525,24,1.73049645390071,0.25531914893617,0.0786885245901639,22,1.59231134314191,0.255813953488372,0.0721311475409836,20,1.32897603485839,0.235294117647059,0.0655737704918033,22,1.69959473150963,0.261904761904762,0.0721311475409836,22,1.52534666969766,0.265060240963855,0.0721311475409836,18,1.14375,0.1875,0.059016393442623,18,1.55612244897959,0.214285714285714,0.059016393442623,18,1.62234042553191,0.191489361702128,0.059016393442623,22,1.72582304526749,0.271604938271605,0.0721311475409836,22,1.58854166666667,0.25,0.0721311475409836,17,1.1638608305275,0.209876543209877,0.0557377049180328,18,1.47422126745435,0.236842105263158,0.059016393442623,21,1.48538961038961,0.238636363636364,0.0688524590163934,26,1.52882205513784,0.285714285714286,0.0852459016393443,22,1.29361866203971,0.241758241758242,0.0721311475409836,13,1.16480611045828,0.175675675675676,0.0426229508196721,19,1.35492167407061,0.208791208791209,0.0622950819672131,20,1.67859108420473,0.253164556962025,0.0655737704918033,22,1.47472527472527,0.241758241758242,0.0721311475409836,23,1.29475821336286,0.267441860465116,0.0754098360655738,20,1.33771929824561,0.25,0.0655737704918033,18,1.67582417582418,0.214285714285714,0.059016393442623,19,1.31108597285068,0.223529411764706,0.0622950819672131
"1011",1011,"sexo2=1,mumigual=0,comdiab=0,pdres5=1","encerra2=1",18,1.3728432108027,0.193548387096774,0.059016393442623,24,1.33090909090909,0.24,0.0786885245901639,19,1.12480590062112,0.169642857142857,0.0622950819672131,21,1.38997395833333,0.21875,0.0688524590163934,21,1.42080745341615,0.228260869565217,0.0688524590163934,18,1.20553359683794,0.181818181818182,0.059016393442623,23,1.39076130055511,0.237113402061856,0.0754098360655738,24,1.46634615384615,0.25,0.0786885245901639,20,1.38321995464853,0.222222222222222,0.0655737704918033,22,1.40670859538784,0.244444444444444,0.0721311475409836,16,1.17874396135266,0.173913043478261,0.0524590163934426,24,1.45036655438875,0.233009708737864,0.0786885245901639,22,1.24813988095238,0.229166666666667,0.0721311475409836,15,1.10614119922631,0.170454545454545,0.0491803278688525,24,1.64309764309764,0.242424242424242,0.0786885245901639,23,1.57322269567168,0.252747252747253,0.0754098360655738,19,1.14164696611505,0.202127659574468,0.0622950819672131,22,1.48714539007092,0.229166666666667,0.0721311475409836,21,1.34276729559748,0.233333333333333,0.0688524590163934,19,1.1252427184466,0.184466019417476,0.0622950819672131,21,1.60526315789474,0.221052631578947,0.0688524590163934,19,1.51860587002096,0.179245283018868,0.0622950819672131,19,1.32669413919414,0.208791208791209,0.0622950819672131,24,1.54040404040404,0.242424242424242,0.0786885245901639,23,1.3568665377176,0.24468085106383,0.0754098360655738,19,1.44225983076157,0.231707317073171,0.0622950819672131,21,1.29420084865629,0.207920792079208,0.0688524590163934,27,1.5207756232687,0.284210526315789,0.0885245901639344,24,1.25902992776058,0.235294117647059,0.0786885245901639,14,1.11838658983761,0.168674698795181,0.0459016393442623,23,1.57110862262038,0.242105263157895,0.0754098360655738,22,1.63898387884709,0.247191011235955,0.0721311475409836,21,1.34842105263158,0.221052631578947,0.0688524590163934,26,1.24626748389125,0.257425742574257,0.0852459016393443,19,1.10507246376812,0.206521739130435,0.0622950819672131,20,1.68183071408878,0.21505376344086,0.0655737704918033,20,1.20935765265662,0.206185567010309,0.0655737704918033
"1012",1012,"sexo2=1,mumigual=0,comdiab=0,pdres5=1,cavitacao=1","encerra2=1",12,1.16597642561325,0.164383561643836,0.039344262295082,20,1.3692480359147,0.246913580246914,0.0655737704918033,15,1.13018774703557,0.170454545454545,0.0491803278688525,18,1.63392857142857,0.257142857142857,0.059016393442623,17,1.46967120181406,0.236111111111111,0.0557377049180328,14,1.22139588100687,0.184210526315789,0.0459016393442623,16,1.28556375131718,0.219178082191781,0.0524590163934426,18,1.42671517671518,0.243243243243243,0.059016393442623,16,1.48644532439842,0.238805970149254,0.0524590163934426,19,1.58463221219579,0.27536231884058,0.0622950819672131,13,1.29575163398693,0.191176470588235,0.0426229508196721,20,1.38321995464853,0.222222222222222,0.0655737704918033,18,1.32480694980695,0.243243243243243,0.059016393442623,11,1.11535904255319,0.171875,0.0360655737704918,20,1.76046176046176,0.25974025974026,0.0655737704918033,21,1.841046277666,0.295774647887324,0.0688524590163934,17,1.33359053497942,0.236111111111111,0.0557377049180328,19,1.68901194986884,0.26027397260274,0.0622950819672131,20,1.57663478935125,0.273972602739726,0.0655737704918033,16,1.20493827160494,0.197530864197531,0.0524590163934426,15,1.57867494824017,0.217391304347826,0.0491803278688525,17,1.80034722222222,0.2125,0.0557377049180328,18,1.68198529411765,0.264705882352941,0.059016393442623,22,1.76951476793249,0.278481012658228,0.0721311475409836,17,1.34675324675325,0.242857142857143,0.0557377049180328,17,1.67962423064464,0.26984126984127,0.0557377049180328,16,1.29340047707395,0.207792207792208,0.0524590163934426,24,1.71228070175439,0.32,0.0786885245901639,18,1.25085440874915,0.233766233766234,0.059016393442623,11,1.12207357859532,0.169230769230769,0.0360655737704918,18,1.53695408734602,0.236842105263158,0.059016393442623,17,1.70783926218709,0.257575757575758,0.0557377049180328,20,1.60526315789474,0.263157894736842,0.0655737704918033,19,1.3140589569161,0.271428571428571,0.0622950819672131,17,1.26340155945419,0.236111111111111,0.0557377049180328,16,1.81345224823486,0.231884057971014,0.0524590163934426,17,1.34745322245322,0.22972972972973,0.0557377049180328
"1013",1013,"sexo2=1,mumigual=0,comdrogas=0,pdres5=1,tipores3=1","encerra2=1",14,1.46032831737346,0.205882352941176,0.0459016393442623,15,1.2415196743555,0.223880597014925,0.0491803278688525,11,1.12207357859532,0.169230769230769,0.0360655737704918,11,1.22624269005848,0.192982456140351,0.0360655737704918,14,1.50246305418719,0.241379310344828,0.0459016393442623,16,1.49418248622168,0.225352112676056,0.0524590163934426,13,1.29237288135593,0.220338983050847,0.0426229508196721,16,1.48962148962149,0.253968253968254,0.0524590163934426,13,1.34863945578231,0.216666666666667,0.0426229508196721,12,1.17045091141669,0.203389830508475,0.039344262295082,10,1.3034188034188,0.192307692307692,0.0327868852459016,18,1.67225098994822,0.26865671641791,0.059016393442623,18,1.50824175824176,0.276923076923077,0.059016393442623,13,1.31815159574468,0.203125,0.0426229508196721,15,1.45238095238095,0.214285714285714,0.0491803278688525,13,1.39514426460239,0.224137931034483,0.0426229508196721,12,1.27882599580713,0.226415094339623,0.039344262295082,13,1.29787234042553,0.2,0.0426229508196721,16,1.50943396226415,0.262295081967213,0.0524590163934426,12,1.12615384615385,0.184615384615385,0.039344262295082,18,1.79060665362035,0.246575342465753,0.059016393442623,13,1.61968954248366,0.191176470588235,0.0426229508196721,13,1.35416666666667,0.213114754098361,0.0426229508196721,13,1.23289800995025,0.194029850746269,0.0426229508196721,14,1.36204146730463,0.245614035087719,0.0459016393442623,11,1.31671899529042,0.211538461538462,0.0360655737704918,16,1.46458583433373,0.235294117647059,0.0524590163934426,18,1.41640866873065,0.264705882352941,0.059016393442623,20,1.44618302513039,0.27027027027027,0.0655737704918033,10,1.25102543068089,0.188679245283019,0.0327868852459016,12,1.41586073500967,0.218181818181818,0.039344262295082,14,1.62852784134249,0.245614035087719,0.0459016393442623,16,1.45671641791045,0.238805970149254,0.0524590163934426,17,1.17573696145125,0.242857142857143,0.0557377049180328,15,1.25411184210526,0.234375,0.0491803278688525,13,1.51741293532338,0.194029850746269,0.0426229508196721,18,1.50824175824176,0.257142857142857,0.059016393442623
"1014",1014,"sexo2=1,mumigual=0,comdrogas=0,tipores3=1","encerra2=1",14,1.46032831737346,0.205882352941176,0.0459016393442623,15,1.22326203208556,0.220588235294118,0.0491803278688525,11,1.10507246376812,0.166666666666667,0.0360655737704918,11,1.18467514124294,0.186440677966102,0.0360655737704918,14,1.47699757869249,0.23728813559322,0.0459016393442623,16,1.47342995169082,0.222222222222222,0.0524590163934426,13,1.29237288135593,0.220338983050847,0.0426229508196721,16,1.48962148962149,0.253968253968254,0.0524590163934426,13,1.34863945578231,0.216666666666667,0.0426229508196721,12,1.15094339622642,0.2,0.039344262295082,10,1.27882599580713,0.188679245283019,0.0327868852459016,18,1.67225098994822,0.26865671641791,0.059016393442623,18,1.50824175824176,0.276923076923077,0.059016393442623,13,1.31815159574468,0.203125,0.0426229508196721,15,1.43192488262911,0.211267605633803,0.0491803278688525,13,1.37149775164303,0.220338983050847,0.0426229508196721,12,1.27882599580713,0.226415094339623,0.039344262295082,13,1.29787234042553,0.2,0.0426229508196721,16,1.48508825319537,0.258064516129032,0.0524590163934426,12,1.10909090909091,0.181818181818182,0.039344262295082,18,1.79060665362035,0.246575342465753,0.059016393442623,13,1.61968954248366,0.191176470588235,0.0426229508196721,13,1.35416666666667,0.213114754098361,0.0426229508196721,13,1.23289800995025,0.194029850746269,0.0426229508196721,14,1.31587057010786,0.23728813559322,0.0459016393442623,11,1.2918752406623,0.207547169811321,0.0360655737704918,16,1.46458583433373,0.235294117647059,0.0524590163934426,18,1.37593984962406,0.257142857142857,0.059016393442623,20,1.42690058479532,0.266666666666667,0.0655737704918033,10,1.22785829307568,0.185185185185185,0.0327868852459016,12,1.39057750759878,0.214285714285714,0.039344262295082,14,1.60044977511244,0.241379310344828,0.0459016393442623,16,1.45671641791045,0.238805970149254,0.0524590163934426,17,1.15917728593785,0.23943661971831,0.0557377049180328,15,1.23481781376518,0.230769230769231,0.0491803278688525,13,1.51741293532338,0.194029850746269,0.0426229508196721,18,1.48699891657638,0.253521126760563,0.059016393442623
"1015",1015,"sexo2=1,mumigual=0,hiv3=0,pdres5=1,tipores3=1","encerra2=1",17,1.79972231863936,0.253731343283582,0.0557377049180328,18,1.44664031620553,0.260869565217391,0.059016393442623,13,1.2675831202046,0.191176470588235,0.0426229508196721,16,1.56410256410256,0.246153846153846,0.0524590163934426,14,1.70868347338936,0.274509803921569,0.0459016393442623,14,1.34530560806553,0.202898550724638,0.0459016393442623,12,1.13523573200993,0.193548387096774,0.039344262295082,19,1.74128605769231,0.296875,0.0622950819672131,15,1.45886479591837,0.234375,0.0491803278688525,15,1.32801161103048,0.230769230769231,0.0491803278688525,12,1.47878787878788,0.218181818181818,0.039344262295082,17,1.51166180758017,0.242857142857143,0.0557377049180328,19,1.64257369614512,0.301587301587302,0.0622950819672131,14,1.53984853948792,0.23728813559322,0.0459016393442623,16,1.59477124183007,0.235294117647059,0.0524590163934426,13,1.41962047977086,0.228070175438596,0.0426229508196721,16,1.53170119271814,0.271186440677966,0.0524590163934426,15,1.45284217211813,0.223880597014925,0.0491803278688525,18,1.69811320754717,0.295081967213115,0.059016393442623,12,1.22,0.2,0.039344262295082,19,1.81547619047619,0.25,0.0622950819672131,15,1.84178743961353,0.217391304347826,0.0491803278688525,15,1.67214912280702,0.263157894736842,0.0491803278688525,12,1.25,0.19672131147541,0.039344262295082,16,1.61322314049587,0.290909090909091,0.0524590163934426,12,1.33381924198251,0.214285714285714,0.039344262295082,17,1.60327767470625,0.257575757575758,0.0557377049180328,24,1.73541963015647,0.324324324324324,0.0786885245901639,19,1.43192488262911,0.267605633802817,0.0622950819672131,10,1.20553359683794,0.181818181818182,0.0327868852459016,15,1.76982591876209,0.272727272727273,0.0491803278688525,15,1.80830039525692,0.272727272727273,0.0491803278688525,17,1.46056338028169,0.23943661971831,0.0557377049180328,19,1.33310328962503,0.27536231884058,0.0622950819672131,14,1.17050438596491,0.21875,0.0459016393442623,16,1.8958818958819,0.242424242424242,0.0524590163934426,18,1.64963942307692,0.28125,0.059016393442623
"1016",1016,"sexo2=1,mumigual=0,hiv3=0,ppl=0,pdres5=1,tipores3=1","encerra2=1",17,1.85509838998211,0.261538461538462,0.0557377049180328,17,1.40705563093623,0.253731343283582,0.0557377049180328,12,1.22408026755853,0.184615384615385,0.039344262295082,15,1.58854166666667,0.25,0.0491803278688525,13,1.65139525197834,0.26530612244898,0.0426229508196721,14,1.4064558629776,0.212121212121212,0.0459016393442623,12,1.19295958279009,0.203389830508475,0.039344262295082,19,1.76892551892552,0.301587301587302,0.0622950819672131,15,1.55612244897959,0.25,0.0491803278688525,15,1.37017070979335,0.238095238095238,0.0491803278688525,12,1.50617283950617,0.222222222222222,0.039344262295082,17,1.60327767470625,0.257575757575758,0.0557377049180328,19,1.72470238095238,0.316666666666667,0.0622950819672131,14,1.68242710795902,0.259259259259259,0.0459016393442623,16,1.61857379767828,0.238805970149254,0.0524590163934426,12,1.38321995464853,0.222222222222222,0.039344262295082,16,1.64309764309764,0.290909090909091,0.0524590163934426,15,1.52094414893617,0.234375,0.0491803278688525,17,1.68672739102147,0.293103448275862,0.0557377049180328,12,1.30714285714286,0.214285714285714,0.039344262295082,18,1.79060665362035,0.246575342465753,0.059016393442623,14,1.77031509121061,0.208955223880597,0.0459016393442623,15,1.73295454545455,0.272727272727273,0.0491803278688525,11,1.16493055555556,0.183333333333333,0.0360655737704918,16,1.67409948542024,0.30188679245283,0.0524590163934426,12,1.40931844435888,0.226415094339623,0.039344262295082,16,1.53218210361068,0.246153846153846,0.0524590163934426,23,1.78362573099415,0.333333333333333,0.0754098360655738,19,1.49509803921569,0.279411764705882,0.0622950819672131,10,1.27508361204013,0.192307692307692,0.0327868852459016,15,1.83661180248896,0.283018867924528,0.0491803278688525,15,1.84178743961353,0.277777777777778,0.0491803278688525,16,1.43529411764706,0.235294117647059,0.0524590163934426,18,1.34065934065934,0.276923076923077,0.059016393442623,14,1.26969967291109,0.23728813559322,0.0459016393442623,16,1.92504930966469,0.246153846153846,0.0524590163934426,17,1.66185897435897,0.283333333333333,0.0557377049180328
"1017",1017,"sexo2=1,mumigual=0,hiv3=0,ppl=0,tipores3=1","encerra2=1",17,1.85509838998211,0.261538461538462,0.0557377049180328,17,1.38636363636364,0.25,0.0557377049180328,12,1.20553359683794,0.181818181818182,0.039344262295082,15,1.53729838709677,0.241935483870968,0.0491803278688525,13,1.61836734693878,0.26,0.0426229508196721,14,1.3854639844257,0.208955223880597,0.0459016393442623,12,1.19295958279009,0.203389830508475,0.039344262295082,19,1.76892551892552,0.301587301587302,0.0622950819672131,15,1.55612244897959,0.25,0.0491803278688525,15,1.34876179245283,0.234375,0.0491803278688525,12,1.47878787878788,0.218181818181818,0.039344262295082,17,1.60327767470625,0.257575757575758,0.0557377049180328,19,1.72470238095238,0.316666666666667,0.0622950819672131,14,1.68242710795902,0.259259259259259,0.0459016393442623,16,1.59477124183007,0.235294117647059,0.0524590163934426,12,1.35807050092764,0.218181818181818,0.039344262295082,16,1.64309764309764,0.290909090909091,0.0524590163934426,15,1.52094414893617,0.234375,0.0491803278688525,17,1.65813879117365,0.288135593220339,0.0557377049180328,12,1.28421052631579,0.210526315789474,0.039344262295082,18,1.79060665362035,0.246575342465753,0.059016393442623,14,1.77031509121061,0.208955223880597,0.0459016393442623,15,1.73295454545455,0.272727272727273,0.0491803278688525,11,1.16493055555556,0.183333333333333,0.0360655737704918,16,1.61322314049587,0.290909090909091,0.0524590163934426,12,1.38321995464853,0.222222222222222,0.039344262295082,16,1.53218210361068,0.246153846153846,0.0524590163934426,23,1.73338275265629,0.323943661971831,0.0754098360655738,19,1.47342995169082,0.27536231884058,0.0622950819672131,10,1.25102543068089,0.188679245283019,0.0327868852459016,15,1.80260047281324,0.277777777777778,0.0491803278688525,15,1.80830039525692,0.272727272727273,0.0491803278688525,16,1.43529411764706,0.235294117647059,0.0524590163934426,18,1.32034632034632,0.272727272727273,0.059016393442623,14,1.24853801169591,0.233333333333333,0.0459016393442623,16,1.92504930966469,0.246153846153846,0.0524590163934426,17,1.63461538461538,0.278688524590164,0.0557377049180328
"1018",1018,"sexo2=1,mumigual=0,hiv3=0,tipores3=1","encerra2=1",17,1.79972231863936,0.253731343283582,0.0557377049180328,18,1.42597402597403,0.257142857142857,0.059016393442623,13,1.24921235034657,0.188405797101449,0.0426229508196721,16,1.51741293532338,0.238805970149254,0.0524590163934426,14,1.67582417582418,0.269230769230769,0.0459016393442623,14,1.32608695652174,0.2,0.0459016393442623,12,1.13523573200993,0.193548387096774,0.039344262295082,19,1.74128605769231,0.296875,0.0622950819672131,15,1.45886479591837,0.234375,0.0491803278688525,15,1.30789022298456,0.227272727272727,0.0491803278688525,12,1.45238095238095,0.214285714285714,0.039344262295082,17,1.51166180758017,0.242857142857143,0.0557377049180328,19,1.64257369614512,0.301587301587302,0.0622950819672131,14,1.53984853948792,0.23728813559322,0.0459016393442623,16,1.57165861513688,0.231884057971014,0.0524590163934426,13,1.39514426460239,0.224137931034483,0.0426229508196721,16,1.53170119271814,0.271186440677966,0.0524590163934426,15,1.45284217211813,0.223880597014925,0.0491803278688525,18,1.6707242848448,0.290322580645161,0.059016393442623,12,1.2,0.19672131147541,0.039344262295082,19,1.81547619047619,0.25,0.0622950819672131,15,1.84178743961353,0.217391304347826,0.0491803278688525,15,1.67214912280702,0.263157894736842,0.0491803278688525,12,1.25,0.19672131147541,0.039344262295082,16,1.55661881977671,0.280701754385965,0.0524590163934426,12,1.31041890440387,0.210526315789474,0.039344262295082,17,1.60327767470625,0.257575757575758,0.0557377049180328,24,1.68975069252078,0.315789473684211,0.0786885245901639,19,1.41203703703704,0.263888888888889,0.0622950819672131,10,1.18400621118012,0.178571428571429,0.0327868852459016,15,1.73822188449848,0.267857142857143,0.0491803278688525,15,1.77600931677019,0.267857142857143,0.0491803278688525,17,1.46056338028169,0.23943661971831,0.0557377049180328,19,1.3140589569161,0.271428571428571,0.0622950819672131,14,1.15249662618084,0.215384615384615,0.0459016393442623,16,1.8958818958819,0.242424242424242,0.0524590163934426,18,1.62426035502959,0.276923076923077,0.059016393442623
"1019",1019,"sexo2=1,mumigual=0,pdres5=1,cavitacao=1","encerra2=1",14,1.18217054263566,0.166666666666667,0.0459016393442623,21,1.23887814313346,0.223404255319149,0.0688524590163934,16,1.12858464384829,0.170212765957447,0.0524590163934426,21,1.56985294117647,0.247058823529412,0.0688524590163934,18,1.41823818134849,0.227848101265823,0.059016393442623,17,1.23865265169613,0.186813186813187,0.0557377049180328,16,1.14446529080675,0.195121951219512,0.0524590163934426,22,1.50044722719141,0.255813953488372,0.0721311475409836,18,1.43642072213501,0.230769230769231,0.059016393442623,20,1.43867924528302,0.25,0.0655737704918033,14,1.24853801169591,0.184210526315789,0.0459016393442623,22,1.35582946049707,0.217821782178218,0.0721311475409836,19,1.29352678571429,0.2375,0.0622950819672131,15,1.29787234042553,0.2,0.0491803278688525,23,1.7320987654321,0.255555555555556,0.0754098360655738,22,1.61104441776711,0.258823529411765,0.0721311475409836,20,1.34479717813051,0.238095238095238,0.0655737704918033,21,1.64188669571905,0.253012048192771,0.0688524590163934,22,1.54394845835251,0.268292682926829,0.0721311475409836,17,1.11505376344086,0.182795698924731,0.0557377049180328,18,1.55612244897959,0.214285714285714,0.059016393442623,17,1.54868578255675,0.182795698924731,0.0557377049180328,21,1.66796875,0.2625,0.0688524590163934,22,1.60680076628353,0.252873563218391,0.0721311475409836,17,1.19332566168009,0.215189873417722,0.0557377049180328,18,1.49387755102041,0.24,0.059016393442623,20,1.43091719446399,0.229885057471264,0.0655737704918033,26,1.58094098883573,0.295454545454545,0.0852459016393443,22,1.30799220272904,0.244444444444444,0.0721311475409836,12,1.12063686466626,0.169014084507042,0.039344262295082,19,1.40111218568665,0.215909090909091,0.0622950819672131,20,1.70011148272018,0.256410256410256,0.0655737704918033,22,1.50786516853933,0.247191011235955,0.0721311475409836,23,1.3255857898715,0.273809523809524,0.0754098360655738,20,1.37201979307242,0.256410256410256,0.0655737704918033,17,1.6213258286429,0.207317073170732,0.0557377049180328,19,1.32669413919414,0.226190476190476,0.0622950819672131
"1020",1020,"sexo2=1,mumigual=0,pdres5=1,tipores3=1","encerra2=1",18,1.53824600728495,0.216867469879518,0.059016393442623,20,1.33625410733844,0.240963855421687,0.0655737704918033,16,1.21939030484758,0.183908045977011,0.0524590163934426,18,1.39481707317073,0.219512195121951,0.059016393442623,18,1.51406508549366,0.243243243243243,0.059016393442623,16,1.17874396135266,0.177777777777778,0.0524590163934426,16,1.18792599805258,0.20253164556962,0.0524590163934426,22,1.61298076923077,0.275,0.0721311475409836,19,1.47831632653061,0.2375,0.0622950819672131,18,1.31120133747313,0.227848101265823,0.059016393442623,14,1.33646322378717,0.197183098591549,0.0459016393442623,23,1.62685528756957,0.261363636363636,0.0754098360655738,23,1.5092512908778,0.27710843373494,0.0754098360655738,18,1.49754500818331,0.230769230769231,0.059016393442623,17,1.40514905149051,0.207317073170732,0.0557377049180328,17,1.39232008592911,0.223684210526316,0.0557377049180328,18,1.37387387387387,0.243243243243243,0.059016393442623,20,1.49180728784544,0.229885057471264,0.0655737704918033,19,1.41999509924038,0.246753246753247,0.0622950819672131,16,1.17590361445783,0.192771084337349,0.0524590163934426,21,1.69444444444444,0.233333333333333,0.0688524590163934,17,1.65549169859515,0.195402298850575,0.0557377049180328,20,1.60864978902954,0.253164556962025,0.0655737704918033,18,1.37801204819277,0.216867469879518,0.059016393442623,19,1.46338383838384,0.263888888888889,0.0622950819672131,16,1.42274052478134,0.228571428571429,0.0524590163934426,21,1.50246305418719,0.241379310344828,0.0688524590163934,26,1.5458089668616,0.288888888888889,0.0852459016393443,21,1.29159104658197,0.241379310344828,0.0688524590163934,13,1.2675831202046,0.191176470588235,0.0426229508196721,19,1.6661874640598,0.256756756756757,0.0622950819672131,18,1.68095529699939,0.253521126760563,0.059016393442623,18,1.29176470588235,0.211764705882353,0.059016393442623,22,1.23846437799926,0.255813953488372,0.0721311475409836,18,1.16043119847812,0.216867469879518,0.059016393442623,18,1.65610859728507,0.211764705882353,0.059016393442623,22,1.48320070733864,0.252873563218391,0.0721311475409836
"1021",1021,"sexo2=1,mumigual=0,tipores3=1","encerra2=1",18,1.51993355481728,0.214285714285714,0.059016393442623,20,1.32034632034632,0.238095238095238,0.0655737704918033,16,1.19198827552516,0.179775280898876,0.0524590163934426,18,1.34558823529412,0.211764705882353,0.059016393442623,18,1.49387755102041,0.24,0.059016393442623,16,1.1531190926276,0.173913043478261,0.0524590163934426,16,1.18792599805258,0.20253164556962,0.0524590163934426,22,1.59306742640076,0.271604938271605,0.0721311475409836,19,1.46006550768456,0.234567901234568,0.0622950819672131,18,1.27882599580713,0.222222222222222,0.059016393442623,14,1.3179012345679,0.194444444444444,0.0459016393442623,23,1.62685528756957,0.261363636363636,0.0754098360655738,23,1.49128401360544,0.273809523809524,0.0754098360655738,18,1.47858874225694,0.227848101265823,0.059016393442623,17,1.37169312169312,0.202380952380952,0.0557377049180328,17,1.37423800689107,0.220779220779221,0.0557377049180328,18,1.37387387387387,0.243243243243243,0.059016393442623,20,1.49180728784544,0.229885057471264,0.0655737704918033,19,1.40179003386551,0.243589743589744,0.0622950819672131,16,1.16190476190476,0.19047619047619,0.0524590163934426,21,1.69444444444444,0.233333333333333,0.0688524590163934,17,1.65549169859515,0.195402298850575,0.0557377049180328,20,1.60864978902954,0.253164556962025,0.0655737704918033,18,1.37801204819277,0.216867469879518,0.059016393442623,19,1.42383292383292,0.256756756756757,0.0622950819672131,16,1.40270192584076,0.225352112676056,0.0524590163934426,21,1.50246305418719,0.241379310344828,0.0688524590163934,26,1.51220442410374,0.282608695652174,0.0852459016393443,21,1.27691387559809,0.238636363636364,0.0688524590163934,13,1.24921235034657,0.188405797101449,0.0426229508196721,19,1.62234042553191,0.25,0.0622950819672131,18,1.65760869565217,0.25,0.059016393442623,18,1.27674418604651,0.209302325581395,0.059016393442623,22,1.22422915526364,0.252873563218391,0.0721311475409836,18,1.14661654135338,0.214285714285714,0.059016393442623,18,1.65610859728507,0.211764705882353,0.059016393442623,22,1.46634615384615,0.25,0.0721311475409836
